"Date","Time","Open","High","Low","Close","Total Ticks"
11/20/2017,00:00:00,84.603,84.641,84.539,84.636,2434
11/20/2017,00:05:00,84.636,84.673,84.615,84.665,1499
11/20/2017,00:10:00,84.665,84.763,84.665,84.737,1464
11/20/2017,00:15:00,84.737,84.754,84.687,84.732,954
11/20/2017,00:20:00,84.732,84.778,84.732,84.755,1374
11/20/2017,00:25:00,84.755,84.763,84.718,84.739,901
11/20/2017,00:30:00,84.739,84.755,84.727,84.738,537
11/20/2017,00:35:00,84.738,84.741,84.687,84.702,695
11/20/2017,00:40:00,84.702,84.702,84.651,84.673,561
11/20/2017,00:45:00,84.673,84.721,84.658,84.703,676
11/20/2017,00:50:00,84.703,84.765,84.703,84.746,1228
11/20/2017,00:55:00,84.746,84.751,84.726,84.731,979
11/20/2017,01:00:00,84.731,84.826,84.729,84.794,1383
11/20/2017,01:05:00,84.794,84.81,84.744,84.749,928
11/20/2017,01:10:00,84.749,84.76,84.733,84.745,777
11/20/2017,01:15:00,84.745,84.747,84.708,84.724,567
11/20/2017,01:20:00,84.724,84.759,84.724,84.752,631
11/20/2017,01:25:00,84.752,84.765,84.742,84.745,684
11/20/2017,01:30:00,84.745,84.777,84.744,84.761,411
11/20/2017,01:35:00,84.761,84.764,84.722,84.73,632
11/20/2017,01:40:00,84.73,84.784,84.73,84.784,495
11/20/2017,01:45:00,84.784,84.784,84.75,84.763,679
11/20/2017,01:50:00,84.763,84.778,84.725,84.725,571
11/20/2017,01:55:00,84.725,84.725,84.645,84.667,1633
11/20/2017,02:00:00,84.667,84.674,84.638,84.661,955
11/20/2017,02:05:00,84.661,84.689,84.657,84.669,718
11/20/2017,02:10:00,84.669,84.684,84.649,84.649,638
11/20/2017,02:15:00,84.649,84.675,84.621,84.632,638
11/20/2017,02:20:00,84.632,84.634,84.586,84.591,947
11/20/2017,02:25:00,84.591,84.599,84.531,84.534,1089
11/20/2017,02:30:00,84.534,84.572,84.532,84.548,752
11/20/2017,02:35:00,84.548,84.594,84.547,84.589,387
11/20/2017,02:40:00,84.589,84.596,84.572,84.586,524
11/20/2017,02:45:00,84.586,84.652,84.585,84.636,614
11/20/2017,02:50:00,84.636,84.654,84.633,84.651,363
11/20/2017,02:55:00,84.651,84.657,84.638,84.645,355
11/20/2017,03:00:00,84.645,84.649,84.623,84.628,473
11/20/2017,03:05:00,84.628,84.642,84.618,84.624,490
11/20/2017,03:10:00,84.624,84.639,84.598,84.603,426
11/20/2017,03:15:00,84.603,84.622,84.589,84.611,295
11/20/2017,03:20:00,84.611,84.625,84.601,84.612,235
11/20/2017,03:25:00,84.612,84.622,84.6,84.608,345
11/20/2017,03:30:00,84.608,84.623,84.597,84.609,432
11/20/2017,03:35:00,84.609,84.622,84.603,84.611,343
11/20/2017,03:40:00,84.611,84.624,84.606,84.616,273
11/20/2017,03:45:00,84.616,84.621,84.607,84.618,262
11/20/2017,03:50:00,84.618,84.619,84.607,84.613,288
11/20/2017,03:55:00,84.613,84.615,84.604,84.611,161
11/20/2017,04:00:00,84.611,84.619,84.583,84.592,486
11/20/2017,04:05:00,84.592,84.613,84.584,84.603,263
11/20/2017,04:10:00,84.603,84.623,84.595,84.615,405
11/20/2017,04:15:00,84.615,84.631,84.607,84.63,210
11/20/2017,04:20:00,84.63,84.646,84.606,84.624,474
11/20/2017,04:25:00,84.624,84.663,84.615,84.652,543
11/20/2017,04:30:00,84.652,84.686,84.647,84.651,424
11/20/2017,04:35:00,84.651,84.679,84.636,84.65,623
11/20/2017,04:40:00,84.65,84.651,84.629,84.642,395
11/20/2017,04:45:00,84.642,84.642,84.622,84.622,349
11/20/2017,04:50:00,84.622,84.638,84.616,84.623,355
11/20/2017,04:55:00,84.623,84.647,84.623,84.647,388
11/20/2017,05:00:00,84.647,84.652,84.625,84.652,412
11/20/2017,05:05:00,84.652,84.69,84.652,84.685,527
11/20/2017,05:10:00,84.685,84.687,84.654,84.663,368
11/20/2017,05:15:00,84.663,84.675,84.649,84.651,240
11/20/2017,05:20:00,84.651,84.667,84.642,84.659,315
11/20/2017,05:25:00,84.659,84.691,84.657,84.665,572
11/20/2017,05:30:00,84.665,84.67,84.646,84.666,424
11/20/2017,05:35:00,84.666,84.699,84.664,84.699,483
11/20/2017,05:40:00,84.699,84.704,84.684,84.695,472
11/20/2017,05:45:00,84.695,84.712,84.691,84.704,486
11/20/2017,05:50:00,84.704,84.733,84.696,84.729,589
11/20/2017,05:55:00,84.729,84.769,84.726,84.746,699
11/20/2017,06:00:00,84.746,84.781,84.735,84.781,591
11/20/2017,06:05:00,84.781,84.796,84.77,84.778,442
11/20/2017,06:10:00,84.778,84.782,84.737,84.747,683
11/20/2017,06:15:00,84.747,84.756,84.718,84.735,690
11/20/2017,06:20:00,84.735,84.764,84.729,84.739,661
11/20/2017,06:25:00,84.739,84.74,84.705,84.715,798
11/20/2017,06:30:00,84.715,84.741,84.712,84.737,378
11/20/2017,06:35:00,84.737,84.744,84.73,84.736,170
11/20/2017,06:40:00,84.736,84.74,84.733,84.735,186
11/20/2017,06:45:00,84.735,84.783,84.734,84.772,562
11/20/2017,06:50:00,84.772,84.781,84.732,84.733,466
11/20/2017,06:55:00,84.733,84.746,84.728,84.742,398
11/20/2017,07:00:00,84.742,84.748,84.691,84.714,1151
11/20/2017,07:05:00,84.714,84.77,84.701,84.746,1558
11/20/2017,07:10:00,84.746,84.771,84.742,84.745,957
11/20/2017,07:15:00,84.745,84.757,84.723,84.726,976
11/20/2017,07:20:00,84.726,84.745,84.718,84.726,887
11/20/2017,07:25:00,84.726,84.737,84.708,84.711,716
11/20/2017,07:30:00,84.711,84.722,84.671,84.691,1705
11/20/2017,07:35:00,84.691,84.717,84.686,84.712,1283
11/20/2017,07:40:00,84.712,84.753,84.698,84.751,802
11/20/2017,07:45:00,84.751,84.751,84.689,84.707,843
11/20/2017,07:50:00,84.707,84.716,84.689,84.706,1025
11/20/2017,07:55:00,84.706,84.744,84.67,84.744,1026
11/20/2017,08:00:00,84.744,84.756,84.72,84.754,1796
11/20/2017,08:05:00,84.754,84.804,84.754,84.789,1522
11/20/2017,08:10:00,84.789,84.819,84.783,84.784,1293
11/20/2017,08:15:00,84.784,84.798,84.768,84.787,1163
11/20/2017,08:20:00,84.787,84.814,84.774,84.793,1673
11/20/2017,08:25:00,84.793,84.808,84.777,84.804,1073
11/20/2017,08:30:00,84.804,84.808,84.75,84.762,1154
11/20/2017,08:35:00,84.762,84.79,84.735,84.79,1355
11/20/2017,08:40:00,84.79,84.904,84.782,84.898,2063
11/20/2017,08:45:00,84.898,84.94,84.879,84.912,2487
11/20/2017,08:50:00,84.912,84.928,84.891,84.904,1219
11/20/2017,08:55:00,84.904,84.914,84.859,84.86,834
11/20/2017,09:00:00,84.86,84.877,84.857,84.864,469
11/20/2017,09:05:00,84.864,84.885,84.857,84.882,519
11/20/2017,09:10:00,84.882,84.89,84.846,84.89,590
11/20/2017,09:15:00,84.89,84.907,84.877,84.893,726
11/20/2017,09:20:00,84.893,84.897,84.851,84.858,461
11/20/2017,09:25:00,84.858,84.88,84.85,84.875,531
11/20/2017,09:30:00,84.875,84.886,84.857,84.885,391
11/20/2017,09:35:00,84.885,84.911,84.881,84.909,609
11/20/2017,09:40:00,84.909,84.909,84.88,84.884,371
11/20/2017,09:45:00,84.884,84.884,84.848,84.856,649
11/20/2017,09:50:00,84.856,84.872,84.835,84.858,569
11/20/2017,09:55:00,84.858,84.863,84.835,84.836,328
11/20/2017,10:00:00,84.836,84.848,84.788,84.793,430
11/20/2017,10:05:00,84.793,84.795,84.772,84.775,476
11/20/2017,10:10:00,84.775,84.776,84.721,84.721,680
11/20/2017,10:15:00,84.721,84.75,84.721,84.745,611
11/20/2017,10:20:00,84.745,84.777,84.742,84.771,508
11/20/2017,10:25:00,84.771,84.836,84.769,84.829,672
11/20/2017,10:30:00,84.829,84.835,84.802,84.817,675
11/20/2017,10:35:00,84.817,84.832,84.807,84.808,488
11/20/2017,10:40:00,84.808,84.817,84.784,84.79,411
11/20/2017,10:45:00,84.79,84.792,84.766,84.776,484
11/20/2017,10:50:00,84.776,84.783,84.735,84.737,265
11/20/2017,10:55:00,84.737,84.737,84.706,84.707,498
11/20/2017,11:00:00,84.707,84.747,84.695,84.742,435
11/20/2017,11:05:00,84.742,84.757,84.737,84.751,417
11/20/2017,11:10:00,84.751,84.758,84.728,84.736,251
11/20/2017,11:15:00,84.736,84.752,84.721,84.748,479
11/20/2017,11:20:00,84.748,84.763,84.736,84.763,321
11/20/2017,11:25:00,84.763,84.774,84.748,84.765,339
11/20/2017,11:30:00,84.765,84.765,84.742,84.748,565
11/20/2017,11:35:00,84.748,84.777,84.745,84.768,548
11/20/2017,11:40:00,84.768,84.792,84.764,84.783,511
11/20/2017,11:45:00,84.783,84.792,84.768,84.774,415
11/20/2017,11:50:00,84.774,84.801,84.772,84.794,326
11/20/2017,11:55:00,84.794,84.807,84.781,84.805,740
11/20/2017,12:00:00,84.805,84.856,84.802,84.842,941
11/20/2017,12:05:00,84.842,84.854,84.812,84.815,606
11/20/2017,12:10:00,84.815,84.819,84.803,84.817,443
11/20/2017,12:15:00,84.817,84.819,84.794,84.8,536
11/20/2017,12:20:00,84.8,84.804,84.768,84.768,448
11/20/2017,12:25:00,84.768,84.772,84.741,84.745,464
11/20/2017,12:30:00,84.745,84.778,84.744,84.762,352
11/20/2017,12:35:00,84.762,84.773,84.753,84.756,346
11/20/2017,12:40:00,84.756,84.758,84.735,84.742,341
11/20/2017,12:45:00,84.742,84.758,84.734,84.734,369
11/20/2017,12:50:00,84.734,84.759,84.729,84.747,998
11/20/2017,12:55:00,84.747,84.747,84.727,84.732,659
11/20/2017,13:00:00,84.732,84.746,84.715,84.732,900
11/20/2017,13:05:00,84.732,84.738,84.718,84.732,698
11/20/2017,13:10:00,84.732,84.735,84.709,84.715,409
11/20/2017,13:15:00,84.715,84.741,84.702,84.731,760
11/20/2017,13:20:00,84.731,84.739,84.712,84.73,699
11/20/2017,13:25:00,84.73,84.758,84.727,84.758,473
11/20/2017,13:30:00,84.758,84.796,84.733,84.792,661
11/20/2017,13:35:00,84.792,84.82,84.764,84.776,1346
11/20/2017,13:40:00,84.776,84.78,84.753,84.764,733
11/20/2017,13:45:00,84.764,84.793,84.75,84.75,798
11/20/2017,13:50:00,84.75,84.757,84.706,84.739,999
11/20/2017,13:55:00,84.739,84.752,84.717,84.722,1032
11/20/2017,14:00:00,84.722,84.762,84.722,84.758,812
11/20/2017,14:05:00,84.758,84.779,84.753,84.769,497
11/20/2017,14:10:00,84.769,84.787,84.762,84.77,594
11/20/2017,14:15:00,84.77,84.808,84.766,84.8,972
11/20/2017,14:20:00,84.8,84.813,84.782,84.801,641
11/20/2017,14:25:00,84.801,84.803,84.775,84.793,568
11/20/2017,14:30:00,84.793,84.803,84.754,84.797,1347
11/20/2017,14:35:00,84.797,84.821,84.772,84.821,1367
11/20/2017,14:40:00,84.821,84.834,84.797,84.804,918
11/20/2017,14:45:00,84.804,84.836,84.788,84.832,915
11/20/2017,14:50:00,84.832,84.841,84.81,84.827,1378
11/20/2017,14:55:00,84.827,84.871,84.827,84.856,1196
11/20/2017,15:00:00,84.856,84.864,84.803,84.808,1100
11/20/2017,15:05:00,84.808,84.845,84.804,84.829,1155
11/20/2017,15:10:00,84.829,84.833,84.788,84.806,1153
11/20/2017,15:15:00,84.806,84.817,84.784,84.795,1072
11/20/2017,15:20:00,84.795,84.837,84.788,84.827,1274
11/20/2017,15:25:00,84.827,84.841,84.814,84.827,1126
11/20/2017,15:30:00,84.827,84.829,84.805,84.807,474
11/20/2017,15:35:00,84.807,84.848,84.806,84.839,727
11/20/2017,15:40:00,84.839,84.858,84.835,84.845,615
11/20/2017,15:45:00,84.845,84.86,84.835,84.852,485
11/20/2017,15:50:00,84.852,84.896,84.847,84.878,1147
11/20/2017,15:55:00,84.878,84.917,84.859,84.903,1141
11/20/2017,16:00:00,84.903,84.935,84.875,84.899,1254
11/20/2017,16:05:00,84.899,84.942,84.893,84.942,845
11/20/2017,16:10:00,84.942,84.978,84.921,84.938,1010
11/20/2017,16:15:00,84.938,84.942,84.902,84.914,767
11/20/2017,16:20:00,84.914,84.934,84.904,84.905,995
11/20/2017,16:25:00,84.905,84.932,84.905,84.913,900
11/20/2017,16:30:00,84.913,84.916,84.894,84.907,972
11/20/2017,16:35:00,84.907,84.912,84.883,84.889,1337
11/20/2017,16:40:00,84.889,84.911,84.864,84.87,1187
11/20/2017,16:45:00,84.87,84.925,84.863,84.918,838
11/20/2017,16:50:00,84.918,84.932,84.9,84.92,873
11/20/2017,16:55:00,84.92,84.943,84.916,84.929,717
11/20/2017,17:00:00,84.929,84.948,84.925,84.937,849
11/20/2017,17:05:00,84.937,84.96,84.932,84.944,739
11/20/2017,17:10:00,84.944,84.963,84.942,84.943,563
11/20/2017,17:15:00,84.943,84.96,84.939,84.949,627
11/20/2017,17:20:00,84.949,84.954,84.915,84.928,746
11/20/2017,17:25:00,84.928,84.944,84.92,84.939,508
11/20/2017,17:30:00,84.939,84.965,84.939,84.952,582
11/20/2017,17:35:00,84.952,84.97,84.945,84.967,550
11/20/2017,17:40:00,84.967,84.988,84.965,84.975,258
11/20/2017,17:45:00,84.975,84.999,84.974,84.998,454
11/20/2017,17:50:00,84.998,85.011,84.994,85.011,417
11/20/2017,17:55:00,85.011,85.014,84.995,85.012,329
11/20/2017,18:00:00,85.012,85.012,84.985,84.992,471
11/20/2017,18:05:00,84.992,85.009,84.987,84.998,390
11/20/2017,18:10:00,84.998,85.005,84.993,84.994,303
11/20/2017,18:15:00,84.994,85.007,84.983,85.001,488
11/20/2017,18:20:00,85.001,85.005,84.991,85.003,375
11/20/2017,18:25:00,85.003,85.015,85.003,85.012,272
11/20/2017,18:30:00,85.012,85.014,84.982,84.985,456
11/20/2017,18:35:00,84.985,84.998,84.984,84.995,268
11/20/2017,18:40:00,84.995,84.996,84.973,84.984,332
11/20/2017,18:45:00,84.984,84.993,84.968,84.968,445
11/20/2017,18:50:00,84.968,84.981,84.968,84.972,189
11/20/2017,18:55:00,84.972,84.992,84.971,84.986,547
11/20/2017,19:00:00,84.986,84.998,84.982,84.993,456
11/20/2017,19:05:00,84.993,84.999,84.983,84.99,612
11/20/2017,19:10:00,84.99,85.007,84.979,84.985,515
11/20/2017,19:15:00,84.985,85.001,84.981,85,311
11/20/2017,19:20:00,85,85.017,84.999,85.008,395
11/20/2017,19:25:00,85.008,85.015,85,85.011,345
11/20/2017,19:30:00,85.011,85.021,85.002,85.015,533
11/20/2017,19:35:00,85.015,85.035,85.015,85.017,516
11/20/2017,19:40:00,85.017,85.043,85.01,85.036,440
11/20/2017,19:45:00,85.036,85.046,85.025,85.034,554
11/20/2017,19:50:00,85.034,85.04,85.02,85.035,458
11/20/2017,19:55:00,85.035,85.063,85.024,85.027,680
11/20/2017,20:00:00,85.027,85.054,85.021,85.046,546
11/20/2017,20:05:00,85.046,85.072,85.044,85.057,691
11/20/2017,20:10:00,85.057,85.066,85.034,85.041,485
11/20/2017,20:15:00,85.041,85.043,85.028,85.029,339
11/20/2017,20:20:00,85.029,85.046,85.026,85.039,279
11/20/2017,20:25:00,85.039,85.048,85.015,85.016,550
11/20/2017,20:30:00,85.016,85.029,85.004,85.011,302
11/20/2017,20:35:00,85.011,85.023,84.995,85.019,403
11/20/2017,20:40:00,85.019,85.03,85.011,85.025,243
11/20/2017,20:45:00,85.025,85.027,85.013,85.025,275
11/20/2017,20:50:00,85.025,85.025,85.004,85.013,332
11/20/2017,20:55:00,85.013,85.019,84.991,84.993,558
11/20/2017,21:00:00,84.993,84.996,84.958,84.964,462
11/20/2017,21:05:00,84.964,84.983,84.957,84.981,355
11/20/2017,21:10:00,84.981,84.991,84.968,84.979,388
11/20/2017,21:15:00,84.979,84.999,84.978,84.996,219
11/20/2017,21:20:00,84.996,85.02,84.992,85.017,299
11/20/2017,21:25:00,85.017,85.034,85.009,85.015,315
11/20/2017,21:30:00,85.015,85.026,85.011,85.011,234
11/20/2017,21:35:00,85.011,85.023,85.005,85.007,199
11/20/2017,21:40:00,85.007,85.028,85.004,85.028,268
11/20/2017,21:45:00,85.028,85.038,85.027,85.031,163
11/20/2017,21:50:00,85.031,85.034,85.008,85.024,305
11/20/2017,21:55:00,85.024,85.024,85.008,85.013,276
11/20/2017,22:00:00,85.013,85.044,85.012,85.037,57
11/20/2017,22:05:00,85.037,85.044,85.006,85.01,135
11/20/2017,22:10:00,85.01,85.014,85.007,85.013,29
11/20/2017,22:15:00,85.013,85.02,85.007,85.012,89
11/20/2017,22:20:00,85.012,85.027,85.012,85.021,105
11/20/2017,22:25:00,85.021,85.027,85.009,85.015,216
11/20/2017,22:30:00,85.015,85.034,85.008,85.03,271
11/20/2017,22:35:00,85.03,85.033,85.024,85.025,328
11/20/2017,22:40:00,85.025,85.031,85.018,85.018,283
11/20/2017,22:45:00,85.018,85.02,84.982,84.994,231
11/20/2017,22:50:00,84.994,84.994,84.982,84.988,134
11/20/2017,22:55:00,84.988,84.99,84.94,84.952,535
11/20/2017,23:00:00,84.952,84.97,84.944,84.963,570
11/20/2017,23:05:00,84.963,84.963,84.935,84.957,312
11/20/2017,23:10:00,84.957,84.997,84.957,84.99,227
11/20/2017,23:15:00,84.99,84.999,84.979,84.992,281
11/20/2017,23:20:00,84.992,85.006,84.98,85.002,304
11/20/2017,23:25:00,85.002,85.002,84.987,84.997,284
11/20/2017,23:30:00,84.997,85.008,84.981,84.985,349
11/20/2017,23:35:00,84.985,85,84.981,84.997,205
11/20/2017,23:40:00,84.997,85.008,84.988,84.995,241
11/20/2017,23:45:00,84.995,85.008,84.981,85.003,310
11/20/2017,23:50:00,85.003,85.004,84.971,84.997,436
11/20/2017,23:55:00,84.997,85.022,84.994,85.018,439
11/21/2017,00:00:00,85.018,85.053,84.996,85.043,855
11/21/2017,00:05:00,85.043,85.068,85.031,85.055,769
11/21/2017,00:10:00,85.055,85.066,85.035,85.047,572
11/21/2017,00:15:00,85.047,85.074,85.043,85.071,548
11/21/2017,00:20:00,85.071,85.101,85.071,85.076,628
11/21/2017,00:25:00,85.076,85.115,85.074,85.109,721
11/21/2017,00:30:00,85.109,85.11,84.971,85.002,1165
11/21/2017,00:35:00,85.002,85.055,84.996,85.029,832
11/21/2017,00:40:00,85.029,85.046,84.968,84.969,697
11/21/2017,00:45:00,84.969,85.015,84.966,85.009,799
11/21/2017,00:50:00,85.009,85.019,84.997,85.009,886
11/21/2017,00:55:00,85.009,85.021,84.963,84.969,718
11/21/2017,01:00:00,84.969,84.987,84.945,84.957,789
11/21/2017,01:05:00,84.957,84.966,84.939,84.951,573
11/21/2017,01:10:00,84.951,84.959,84.921,84.951,787
11/21/2017,01:15:00,84.951,84.955,84.905,84.91,743
11/21/2017,01:20:00,84.91,84.92,84.893,84.915,711
11/21/2017,01:25:00,84.915,84.915,84.769,84.778,1462
11/21/2017,01:30:00,84.778,84.846,84.778,84.846,873
11/21/2017,01:35:00,84.846,84.85,84.802,84.818,636
11/21/2017,01:40:00,84.818,84.854,84.818,84.844,1004
11/21/2017,01:45:00,84.844,84.87,84.837,84.863,910
11/21/2017,01:50:00,84.863,84.873,84.849,84.856,434
11/21/2017,01:55:00,84.856,84.9,84.85,84.894,338
11/21/2017,02:00:00,84.894,84.912,84.878,84.909,400
11/21/2017,02:05:00,84.909,84.949,84.906,84.926,773
11/21/2017,02:10:00,84.926,84.946,84.92,84.936,468
11/21/2017,02:15:00,84.936,84.946,84.922,84.938,329
11/21/2017,02:20:00,84.938,84.95,84.907,84.907,437
11/21/2017,02:25:00,84.907,84.917,84.863,84.875,487
11/21/2017,02:30:00,84.875,84.894,84.867,84.869,627
11/21/2017,02:35:00,84.869,84.88,84.859,84.863,495
11/21/2017,02:40:00,84.863,84.866,84.823,84.826,396
11/21/2017,02:45:00,84.826,84.844,84.812,84.826,460
11/21/2017,02:50:00,84.826,84.872,84.82,84.856,507
11/21/2017,02:55:00,84.856,84.866,84.842,84.862,362
11/21/2017,03:00:00,84.862,84.864,84.824,84.83,408
11/21/2017,03:05:00,84.83,84.837,84.799,84.803,650
11/21/2017,03:10:00,84.803,84.843,84.803,84.834,422
11/21/2017,03:15:00,84.834,84.849,84.834,84.835,306
11/21/2017,03:20:00,84.835,84.835,84.815,84.822,214
11/21/2017,03:25:00,84.822,84.858,84.822,84.851,282
11/21/2017,03:30:00,84.851,84.864,84.848,84.863,292
11/21/2017,03:35:00,84.863,84.872,84.85,84.852,269
11/21/2017,03:40:00,84.852,84.856,84.834,84.839,252
11/21/2017,03:45:00,84.839,84.855,84.839,84.85,268
11/21/2017,03:50:00,84.85,84.854,84.803,84.82,385
11/21/2017,03:55:00,84.82,84.834,84.817,84.83,307
11/21/2017,04:00:00,84.83,84.832,84.818,84.83,235
11/21/2017,04:05:00,84.83,84.844,84.825,84.833,433
11/21/2017,04:10:00,84.833,84.841,84.812,84.821,315
11/21/2017,04:15:00,84.821,84.823,84.796,84.804,291
11/21/2017,04:20:00,84.804,84.829,84.801,84.822,200
11/21/2017,04:25:00,84.822,84.831,84.815,84.823,201
11/21/2017,04:30:00,84.823,84.835,84.819,84.835,150
11/21/2017,04:35:00,84.835,84.837,84.822,84.829,229
11/21/2017,04:40:00,84.829,84.846,84.829,84.838,149
11/21/2017,04:45:00,84.838,84.844,84.825,84.835,189
11/21/2017,04:50:00,84.835,84.843,84.824,84.835,303
11/21/2017,04:55:00,84.835,84.854,84.835,84.844,333
11/21/2017,05:00:00,84.844,84.86,84.838,84.856,462
11/21/2017,05:05:00,84.856,84.866,84.848,84.861,225
11/21/2017,05:10:00,84.861,84.879,84.853,84.878,335
11/21/2017,05:15:00,84.878,84.881,84.86,84.874,262
11/21/2017,05:20:00,84.874,84.897,84.872,84.881,381
11/21/2017,05:25:00,84.881,84.894,84.872,84.872,341
11/21/2017,05:30:00,84.872,84.874,84.851,84.857,300
11/21/2017,05:35:00,84.857,84.878,84.85,84.877,358
11/21/2017,05:40:00,84.877,84.889,84.867,84.883,356
11/21/2017,05:45:00,84.883,84.891,84.876,84.884,216
11/21/2017,05:50:00,84.884,84.902,84.873,84.89,382
11/21/2017,05:55:00,84.89,84.89,84.87,84.88,457
11/21/2017,06:00:00,84.88,84.889,84.855,84.859,690
11/21/2017,06:05:00,84.859,84.864,84.833,84.836,592
11/21/2017,06:10:00,84.836,84.865,84.835,84.846,484
11/21/2017,06:15:00,84.846,84.859,84.845,84.853,306
11/21/2017,06:20:00,84.853,84.861,84.849,84.85,334
11/21/2017,06:25:00,84.85,84.873,84.849,84.864,425
11/21/2017,06:30:00,84.864,84.865,84.836,84.845,320
11/21/2017,06:35:00,84.845,84.852,84.837,84.842,261
11/21/2017,06:40:00,84.842,84.859,84.838,84.842,358
11/21/2017,06:45:00,84.842,84.85,84.829,84.846,371
11/21/2017,06:50:00,84.846,84.865,84.838,84.848,737
11/21/2017,06:55:00,84.848,84.853,84.817,84.823,533
11/21/2017,07:00:00,84.823,84.867,84.823,84.853,712
11/21/2017,07:05:00,84.853,84.896,84.852,84.888,809
11/21/2017,07:10:00,84.888,84.894,84.873,84.885,604
11/21/2017,07:15:00,84.885,84.907,84.88,84.898,503
11/21/2017,07:20:00,84.898,84.898,84.872,84.876,613
11/21/2017,07:25:00,84.876,84.893,84.861,84.877,820
11/21/2017,07:30:00,84.877,84.906,84.876,84.894,697
11/21/2017,07:35:00,84.894,84.905,84.854,84.858,595
11/21/2017,07:40:00,84.858,84.875,84.849,84.868,711
11/21/2017,07:45:00,84.868,84.892,84.836,84.89,1821
11/21/2017,07:50:00,84.89,84.895,84.875,84.881,595
11/21/2017,07:55:00,84.881,84.907,84.873,84.899,945
11/21/2017,08:00:00,84.899,84.899,84.856,84.866,1420
11/21/2017,08:05:00,84.866,84.883,84.84,84.876,872
11/21/2017,08:10:00,84.876,84.887,84.844,84.849,987
11/21/2017,08:15:00,84.849,84.889,84.844,84.857,1508
11/21/2017,08:20:00,84.857,84.893,84.857,84.868,974
11/21/2017,08:25:00,84.868,84.868,84.819,84.82,746
11/21/2017,08:30:00,84.82,84.823,84.779,84.809,877
11/21/2017,08:35:00,84.809,84.831,84.799,84.817,711
11/21/2017,08:40:00,84.817,84.835,84.803,84.815,742
11/21/2017,08:45:00,84.815,84.818,84.775,84.78,750
11/21/2017,08:50:00,84.78,84.795,84.751,84.755,742
11/21/2017,08:55:00,84.755,84.762,84.743,84.751,736
11/21/2017,09:00:00,84.751,84.85,84.743,84.826,1213
11/21/2017,09:05:00,84.826,84.903,84.813,84.876,1587
11/21/2017,09:10:00,84.876,84.981,84.874,84.914,1049
11/21/2017,09:15:00,84.914,84.989,84.903,84.987,772
11/21/2017,09:20:00,84.987,85.052,84.982,85.036,1042
11/21/2017,09:25:00,85.036,85.044,85.008,85.013,885
11/21/2017,09:30:00,85.013,85.133,85.009,85.08,1644
11/21/2017,09:35:00,85.08,85.08,84.983,85.011,1687
11/21/2017,09:40:00,85.011,85.056,85.006,85.042,1413
11/21/2017,09:45:00,85.042,85.058,85.015,85.047,938
11/21/2017,09:50:00,85.047,85.093,85.021,85.084,1062
11/21/2017,09:55:00,85.084,85.092,85.035,85.048,878
11/21/2017,10:00:00,85.048,85.144,85.048,85.136,921
11/21/2017,10:05:00,85.136,85.144,85.088,85.092,871
11/21/2017,10:10:00,85.092,85.102,85.078,85.085,702
11/21/2017,10:15:00,85.085,85.106,85.073,85.098,865
11/21/2017,10:20:00,85.098,85.194,85.097,85.19,798
11/21/2017,10:25:00,85.19,85.307,85.186,85.29,1019
11/21/2017,10:30:00,85.29,85.292,85.211,85.213,749
11/21/2017,10:35:00,85.213,85.221,85.187,85.196,544
11/21/2017,10:40:00,85.196,85.216,85.175,85.215,537
11/21/2017,10:45:00,85.215,85.254,85.206,85.254,785
11/21/2017,10:50:00,85.254,85.255,85.22,85.241,594
11/21/2017,10:55:00,85.241,85.247,85.225,85.238,854
11/21/2017,11:00:00,85.238,85.261,85.214,85.25,1153
11/21/2017,11:05:00,85.25,85.283,85.25,85.26,706
11/21/2017,11:10:00,85.26,85.284,85.248,85.251,977
11/21/2017,11:15:00,85.251,85.263,85.241,85.26,400
11/21/2017,11:20:00,85.26,85.292,85.25,85.287,559
11/21/2017,11:25:00,85.287,85.287,85.239,85.242,610
11/21/2017,11:30:00,85.242,85.273,85.227,85.27,821
11/21/2017,11:35:00,85.27,85.277,85.238,85.239,549
11/21/2017,11:40:00,85.239,85.245,85.216,85.227,676
11/21/2017,11:45:00,85.227,85.265,85.223,85.265,433
11/21/2017,11:50:00,85.265,85.265,85.213,85.237,625
11/21/2017,11:55:00,85.237,85.262,85.237,85.26,985
11/21/2017,12:00:00,85.26,85.294,85.254,85.271,839
11/21/2017,12:05:00,85.271,85.275,85.245,85.246,646
11/21/2017,12:10:00,85.246,85.295,85.245,85.291,732
11/21/2017,12:15:00,85.291,85.31,85.274,85.279,588
11/21/2017,12:20:00,85.279,85.297,85.274,85.284,751
11/21/2017,12:25:00,85.284,85.285,85.242,85.243,682
11/21/2017,12:30:00,85.243,85.244,85.218,85.222,598
11/21/2017,12:35:00,85.222,85.242,85.21,85.235,562
11/21/2017,12:40:00,85.235,85.236,85.192,85.204,671
11/21/2017,12:45:00,85.204,85.237,85.193,85.226,560
11/21/2017,12:50:00,85.226,85.244,85.216,85.219,785
11/21/2017,12:55:00,85.219,85.249,85.209,85.237,631
11/21/2017,13:00:00,85.237,85.269,85.235,85.257,852
11/21/2017,13:05:00,85.257,85.269,85.236,85.254,955
11/21/2017,13:10:00,85.254,85.259,85.237,85.259,654
11/21/2017,13:15:00,85.259,85.267,85.229,85.236,1175
11/21/2017,13:20:00,85.236,85.239,85.213,85.23,805
11/21/2017,13:25:00,85.23,85.236,85.214,85.216,723
11/21/2017,13:30:00,85.216,85.219,85.183,85.187,813
11/21/2017,13:35:00,85.187,85.191,85.169,85.181,849
11/21/2017,13:40:00,85.181,85.213,85.178,85.189,613
11/21/2017,13:45:00,85.189,85.199,85.174,85.196,509
11/21/2017,13:50:00,85.196,85.203,85.173,85.175,693
11/21/2017,13:55:00,85.175,85.182,85.158,85.158,651
11/21/2017,14:00:00,85.158,85.162,85.131,85.143,1021
11/21/2017,14:05:00,85.143,85.149,85.115,85.115,847
11/21/2017,14:10:00,85.115,85.123,85.044,85.065,1722
11/21/2017,14:15:00,85.065,85.068,85.045,85.066,726
11/21/2017,14:20:00,85.066,85.067,85.033,85.037,557
11/21/2017,14:25:00,85.037,85.061,85.026,85.04,988
11/21/2017,14:30:00,85.04,85.062,85.029,85.059,1301
11/21/2017,14:35:00,85.059,85.126,85.059,85.124,1289
11/21/2017,14:40:00,85.124,85.171,85.124,85.144,873
11/21/2017,14:45:00,85.144,85.167,85.133,85.154,1169
11/21/2017,14:50:00,85.154,85.178,85.125,85.152,1749
11/21/2017,14:55:00,85.152,85.152,85.118,85.149,1173
11/21/2017,15:00:00,85.149,85.157,85.11,85.138,1495
11/21/2017,15:05:00,85.138,85.147,85.086,85.1,1271
11/21/2017,15:10:00,85.1,85.127,85.084,85.109,1291
11/21/2017,15:15:00,85.109,85.144,85.103,85.133,1234
11/21/2017,15:20:00,85.133,85.181,85.131,85.138,1309
11/21/2017,15:25:00,85.138,85.147,85.115,85.143,841
11/21/2017,15:30:00,85.143,85.159,85.124,85.144,1082
11/21/2017,15:35:00,85.144,85.164,85.127,85.152,841
11/21/2017,15:40:00,85.152,85.181,85.146,85.173,675
11/21/2017,15:45:00,85.173,85.201,85.165,85.187,769
11/21/2017,15:50:00,85.187,85.195,85.167,85.171,659
11/21/2017,15:55:00,85.171,85.249,85.165,85.245,1414
11/21/2017,16:00:00,85.245,85.254,85.219,85.226,1094
11/21/2017,16:05:00,85.226,85.232,85.209,85.214,567
11/21/2017,16:10:00,85.214,85.224,85.202,85.216,643
11/21/2017,16:15:00,85.216,85.224,85.2,85.222,832
11/21/2017,16:20:00,85.222,85.248,85.216,85.237,848
11/21/2017,16:25:00,85.237,85.247,85.223,85.239,538
11/21/2017,16:30:00,85.239,85.276,85.236,85.271,674
11/21/2017,16:35:00,85.271,85.289,85.266,85.275,550
11/21/2017,16:40:00,85.275,85.293,85.265,85.271,665
11/21/2017,16:45:00,85.271,85.295,85.255,85.295,608
11/21/2017,16:50:00,85.295,85.307,85.278,85.305,754
11/21/2017,16:55:00,85.305,85.306,85.246,85.249,965
11/21/2017,17:00:00,85.249,85.275,85.244,85.256,969
11/21/2017,17:05:00,85.256,85.266,85.24,85.247,792
11/21/2017,17:10:00,85.247,85.275,85.246,85.271,915
11/21/2017,17:15:00,85.271,85.277,85.253,85.255,842
11/21/2017,17:20:00,85.255,85.26,85.21,85.219,970
11/21/2017,17:25:00,85.219,85.227,85.207,85.211,525
11/21/2017,17:30:00,85.211,85.235,85.209,85.23,728
11/21/2017,17:35:00,85.23,85.256,85.229,85.24,1039
11/21/2017,17:40:00,85.24,85.246,85.221,85.234,736
11/21/2017,17:45:00,85.234,85.243,85.224,85.241,641
11/21/2017,17:50:00,85.241,85.244,85.211,85.218,930
11/21/2017,17:55:00,85.218,85.247,85.218,85.227,444
11/21/2017,18:00:00,85.227,85.24,85.221,85.231,410
11/21/2017,18:05:00,85.231,85.233,85.219,85.225,423
11/21/2017,18:10:00,85.225,85.228,85.173,85.179,731
11/21/2017,18:15:00,85.179,85.186,85.17,85.176,667
11/21/2017,18:20:00,85.176,85.186,85.153,85.168,547
11/21/2017,18:25:00,85.168,85.171,85.153,85.155,790
11/21/2017,18:30:00,85.155,85.168,85.15,85.152,603
11/21/2017,18:35:00,85.152,85.163,85.143,85.152,649
11/21/2017,18:40:00,85.152,85.163,85.149,85.153,476
11/21/2017,18:45:00,85.153,85.162,85.145,85.153,418
11/21/2017,18:50:00,85.153,85.163,85.146,85.152,600
11/21/2017,18:55:00,85.152,85.152,85.125,85.127,592
11/21/2017,19:00:00,85.127,85.14,85.117,85.14,647
11/21/2017,19:05:00,85.14,85.148,85.129,85.148,459
11/21/2017,19:10:00,85.148,85.153,85.133,85.15,633
11/21/2017,19:15:00,85.15,85.16,85.14,85.158,957
11/21/2017,19:20:00,85.158,85.181,85.151,85.177,618
11/21/2017,19:25:00,85.177,85.19,85.166,85.187,474
11/21/2017,19:30:00,85.187,85.191,85.171,85.187,434
11/21/2017,19:35:00,85.187,85.205,85.185,85.198,401
11/21/2017,19:40:00,85.198,85.216,85.196,85.203,354
11/21/2017,19:45:00,85.203,85.225,85.203,85.216,434
11/21/2017,19:50:00,85.216,85.23,85.203,85.23,566
11/21/2017,19:55:00,85.23,85.272,85.228,85.271,1056
11/21/2017,20:00:00,85.271,85.272,85.213,85.214,430
11/21/2017,20:05:00,85.214,85.236,85.206,85.221,405
11/21/2017,20:10:00,85.221,85.229,85.215,85.22,300
11/21/2017,20:15:00,85.22,85.234,85.208,85.209,432
11/21/2017,20:20:00,85.209,85.222,85.2,85.215,430
11/21/2017,20:25:00,85.215,85.232,85.211,85.224,437
11/21/2017,20:30:00,85.224,85.231,85.219,85.22,379
11/21/2017,20:35:00,85.22,85.22,85.198,85.203,206
11/21/2017,20:40:00,85.203,85.213,85.199,85.212,306
11/21/2017,20:45:00,85.212,85.217,85.191,85.212,503
11/21/2017,20:50:00,85.212,85.22,85.191,85.196,399
11/21/2017,20:55:00,85.196,85.23,85.194,85.222,637
11/21/2017,21:00:00,85.222,85.222,85.207,85.222,416
11/21/2017,21:05:00,85.222,85.23,85.204,85.214,243
11/21/2017,21:10:00,85.214,85.229,85.212,85.22,253
11/21/2017,21:15:00,85.22,85.233,85.219,85.228,117
11/21/2017,21:20:00,85.228,85.229,85.211,85.211,185
11/21/2017,21:25:00,85.211,85.228,85.209,85.224,172
11/21/2017,21:30:00,85.224,85.23,85.215,85.219,420
11/21/2017,21:35:00,85.219,85.225,85.21,85.213,255
11/21/2017,21:40:00,85.213,85.223,85.199,85.221,351
11/21/2017,21:45:00,85.221,85.228,85.214,85.214,267
11/21/2017,21:50:00,85.214,85.221,85.201,85.203,218
11/21/2017,21:55:00,85.203,85.21,85.181,85.181,243
11/21/2017,22:00:00,85.181,85.242,85.181,85.242,59
11/21/2017,22:05:00,85.242,85.242,85.196,85.202,113
11/21/2017,22:10:00,85.202,85.206,85.197,85.201,400
11/21/2017,22:15:00,85.201,85.213,85.196,85.207,571
11/21/2017,22:20:00,85.207,85.218,85.201,85.209,841
11/21/2017,22:25:00,85.209,85.227,85.208,85.219,848
11/21/2017,22:30:00,85.219,85.224,85.208,85.219,638
11/21/2017,22:35:00,85.219,85.223,85.17,85.189,720
11/21/2017,22:40:00,85.189,85.215,85.189,85.204,753
11/21/2017,22:45:00,85.204,85.208,85.197,85.198,475
11/21/2017,22:50:00,85.198,85.215,85.178,85.192,1096
11/21/2017,22:55:00,85.192,85.193,85.175,85.185,675
11/21/2017,23:00:00,85.185,85.211,85.165,85.197,535
11/21/2017,23:05:00,85.197,85.217,85.196,85.217,206
11/21/2017,23:10:00,85.217,85.22,85.203,85.22,83
11/21/2017,23:15:00,85.22,85.251,85.184,85.204,792
11/21/2017,23:20:00,85.204,85.215,85.173,85.176,543
11/21/2017,23:25:00,85.176,85.218,85.174,85.184,434
11/21/2017,23:30:00,85.184,85.21,85.178,85.2,310
11/21/2017,23:35:00,85.2,85.216,85.187,85.214,262
11/21/2017,23:40:00,85.214,85.214,85.191,85.199,435
11/21/2017,23:45:00,85.199,85.223,85.186,85.219,343
11/21/2017,23:50:00,85.219,85.219,85.182,85.195,701
11/21/2017,23:55:00,85.195,85.22,85.19,85.198,719
11/22/2017,00:00:00,85.198,85.208,85.171,85.201,891
11/22/2017,00:05:00,85.201,85.222,85.188,85.192,563
11/22/2017,00:10:00,85.192,85.206,85.184,85.199,486
11/22/2017,00:15:00,85.199,85.2,85.167,85.185,466
11/22/2017,00:20:00,85.185,85.186,85.156,85.172,556
11/22/2017,00:25:00,85.172,85.183,85.151,85.157,926
11/22/2017,00:30:00,85.157,85.245,85.15,85.217,1039
11/22/2017,00:35:00,85.217,85.22,85.168,85.175,576
11/22/2017,00:40:00,85.175,85.176,85.129,85.17,722
11/22/2017,00:45:00,85.17,85.178,85.158,85.158,427
11/22/2017,00:50:00,85.158,85.189,85.146,85.182,812
11/22/2017,00:55:00,85.182,85.197,85.152,85.161,542
11/22/2017,01:00:00,85.161,85.165,85.114,85.119,553
11/22/2017,01:05:00,85.119,85.133,85.094,85.104,585
11/22/2017,01:10:00,85.104,85.105,84.969,84.984,1091
11/22/2017,01:15:00,84.984,85.028,84.977,85.026,794
11/22/2017,01:20:00,85.026,85.078,85.011,85.078,648
11/22/2017,01:25:00,85.078,85.083,85.026,85.026,505
11/22/2017,01:30:00,85.026,85.077,85.021,85.07,623
11/22/2017,01:35:00,85.07,85.078,85.041,85.057,607
11/22/2017,01:40:00,85.057,85.089,85.033,85.079,631
11/22/2017,01:45:00,85.079,85.107,85.066,85.095,617
11/22/2017,01:50:00,85.095,85.132,85.095,85.107,548
11/22/2017,01:55:00,85.107,85.111,85.07,85.073,753
11/22/2017,02:00:00,85.073,85.081,85.051,85.061,469
11/22/2017,02:05:00,85.061,85.075,85.045,85.05,326
11/22/2017,02:10:00,85.05,85.06,85.05,85.05,275
11/22/2017,02:15:00,85.05,85.066,85.044,85.065,360
11/22/2017,02:20:00,85.065,85.07,85.044,85.07,291
11/22/2017,02:25:00,85.07,85.083,85.066,85.077,143
11/22/2017,02:30:00,85.077,85.08,85.028,85.032,385
11/22/2017,02:35:00,85.032,85.054,85.028,85.052,456
11/22/2017,02:40:00,85.052,85.073,85.05,85.056,478
11/22/2017,02:45:00,85.056,85.069,85.047,85.059,437
11/22/2017,02:50:00,85.059,85.059,85.019,85.024,322
11/22/2017,02:55:00,85.024,85.024,84.979,84.983,568
11/22/2017,03:00:00,84.983,84.985,84.936,84.951,674
11/22/2017,03:05:00,84.951,84.951,84.9,84.939,513
11/22/2017,03:10:00,84.939,84.954,84.921,84.935,430
11/22/2017,03:15:00,84.935,84.954,84.926,84.941,342
11/22/2017,03:20:00,84.941,84.976,84.938,84.968,404
11/22/2017,03:25:00,84.968,85.003,84.966,84.982,446
11/22/2017,03:30:00,84.982,85.013,84.982,85.001,488
11/22/2017,03:35:00,85.001,85.001,84.982,84.995,292
11/22/2017,03:40:00,84.995,84.995,84.969,84.98,282
11/22/2017,03:45:00,84.98,84.985,84.949,84.964,247
11/22/2017,03:50:00,84.964,84.964,84.937,84.941,265
11/22/2017,03:55:00,84.941,84.955,84.935,84.951,153
11/22/2017,04:00:00,84.951,84.962,84.948,84.952,173
11/22/2017,04:05:00,84.952,84.996,84.95,84.987,283
11/22/2017,04:10:00,84.987,84.99,84.938,84.939,321
11/22/2017,04:15:00,84.939,84.939,84.926,84.926,125
11/22/2017,04:20:00,84.926,84.926,84.884,84.898,562
11/22/2017,04:25:00,84.898,84.918,84.881,84.908,697
11/22/2017,04:30:00,84.908,84.915,84.901,84.91,289
11/22/2017,04:35:00,84.91,84.919,84.901,84.902,289
11/22/2017,04:40:00,84.902,84.915,84.9,84.904,215
11/22/2017,04:45:00,84.904,84.905,84.89,84.893,193
11/22/2017,04:50:00,84.893,84.922,84.892,84.919,194
11/22/2017,04:55:00,84.919,84.922,84.899,84.903,272
11/22/2017,05:00:00,84.903,84.934,84.903,84.923,376
11/22/2017,05:05:00,84.923,84.933,84.921,84.927,270
11/22/2017,05:10:00,84.927,84.933,84.915,84.917,171
11/22/2017,05:15:00,84.917,84.927,84.909,84.918,308
11/22/2017,05:20:00,84.918,84.925,84.913,84.919,247
11/22/2017,05:25:00,84.919,84.92,84.896,84.899,340
11/22/2017,05:30:00,84.899,84.899,84.881,84.897,371
11/22/2017,05:35:00,84.897,84.897,84.862,84.866,222
11/22/2017,05:40:00,84.866,84.882,84.828,84.831,467
11/22/2017,05:45:00,84.831,84.847,84.825,84.83,394
11/22/2017,05:50:00,84.83,84.844,84.824,84.832,368
11/22/2017,05:55:00,84.832,84.861,84.832,84.857,311
11/22/2017,06:00:00,84.857,84.87,84.837,84.84,394
11/22/2017,06:05:00,84.84,84.85,84.82,84.826,456
11/22/2017,06:10:00,84.826,84.84,84.798,84.84,723
11/22/2017,06:15:00,84.84,84.869,84.829,84.866,567
11/22/2017,06:20:00,84.866,84.882,84.862,84.869,263
11/22/2017,06:25:00,84.869,84.875,84.853,84.874,257
11/22/2017,06:30:00,84.874,84.889,84.853,84.887,717
11/22/2017,06:35:00,84.887,84.898,84.884,84.887,504
11/22/2017,06:40:00,84.887,84.904,84.882,84.892,377
11/22/2017,06:45:00,84.892,84.898,84.852,84.855,290
11/22/2017,06:50:00,84.855,84.871,84.85,84.86,447
11/22/2017,06:55:00,84.86,84.879,84.859,84.874,214
11/22/2017,07:00:00,84.874,84.894,84.843,84.851,554
11/22/2017,07:05:00,84.851,84.88,84.829,84.852,697
11/22/2017,07:10:00,84.852,84.881,84.836,84.874,607
11/22/2017,07:15:00,84.874,84.893,84.851,84.882,673
11/22/2017,07:20:00,84.882,84.885,84.851,84.861,877
11/22/2017,07:25:00,84.861,84.868,84.84,84.859,682
11/22/2017,07:30:00,84.859,84.868,84.843,84.844,772
11/22/2017,07:35:00,84.844,84.856,84.814,84.836,687
11/22/2017,07:40:00,84.836,84.878,84.825,84.874,922
11/22/2017,07:45:00,84.874,84.881,84.854,84.855,1144
11/22/2017,07:50:00,84.855,84.87,84.824,84.83,1397
11/22/2017,07:55:00,84.83,84.848,84.81,84.84,784
11/22/2017,08:00:00,84.84,84.853,84.821,84.835,1191
11/22/2017,08:05:00,84.835,84.85,84.795,84.812,1172
11/22/2017,08:10:00,84.812,84.816,84.782,84.792,865
11/22/2017,08:15:00,84.792,84.816,84.785,84.802,641
11/22/2017,08:20:00,84.802,84.832,84.783,84.822,649
11/22/2017,08:25:00,84.822,84.859,84.819,84.849,677
11/22/2017,08:30:00,84.849,84.858,84.801,84.801,506
11/22/2017,08:35:00,84.801,84.812,84.771,84.809,845
11/22/2017,08:40:00,84.809,84.812,84.757,84.757,1006
11/22/2017,08:45:00,84.757,84.76,84.694,84.695,810
11/22/2017,08:50:00,84.695,84.742,84.689,84.717,669
11/22/2017,08:55:00,84.717,84.744,84.711,84.732,744
11/22/2017,09:00:00,84.732,84.767,84.73,84.759,429
11/22/2017,09:05:00,84.759,84.787,84.759,84.78,328
11/22/2017,09:10:00,84.78,84.8,84.777,84.784,356
11/22/2017,09:15:00,84.784,84.786,84.763,84.773,401
11/22/2017,09:20:00,84.773,84.801,84.773,84.784,502
11/22/2017,09:25:00,84.784,84.784,84.747,84.753,533
11/22/2017,09:30:00,84.753,84.758,84.728,84.74,429
11/22/2017,09:35:00,84.74,84.744,84.715,84.721,635
11/22/2017,09:40:00,84.721,84.762,84.719,84.751,792
11/22/2017,09:45:00,84.751,84.754,84.703,84.715,691
11/22/2017,09:50:00,84.715,84.737,84.7,84.703,705
11/22/2017,09:55:00,84.703,84.726,84.68,84.717,729
11/22/2017,10:00:00,84.717,84.76,84.708,84.758,422
11/22/2017,10:05:00,84.758,84.761,84.718,84.726,470
11/22/2017,10:10:00,84.726,84.736,84.715,84.72,187
11/22/2017,10:15:00,84.72,84.739,84.711,84.713,583
11/22/2017,10:20:00,84.713,84.728,84.712,84.722,436
11/22/2017,10:25:00,84.722,84.745,84.722,84.742,485
11/22/2017,10:30:00,84.742,84.754,84.717,84.721,389
11/22/2017,10:35:00,84.721,84.725,84.69,84.691,368
11/22/2017,10:40:00,84.691,84.705,84.681,84.683,436
11/22/2017,10:45:00,84.683,84.73,84.675,84.728,492
11/22/2017,10:50:00,84.728,84.742,84.719,84.719,361
11/22/2017,10:55:00,84.719,84.726,84.707,84.715,386
11/22/2017,11:00:00,84.715,84.735,84.712,84.712,395
11/22/2017,11:05:00,84.712,84.717,84.69,84.703,317
11/22/2017,11:10:00,84.703,84.728,84.695,84.723,455
11/22/2017,11:15:00,84.723,84.73,84.693,84.705,411
11/22/2017,11:20:00,84.705,84.733,84.695,84.732,396
11/22/2017,11:25:00,84.732,84.733,84.712,84.722,358
11/22/2017,11:30:00,84.722,84.742,84.719,84.742,239
11/22/2017,11:35:00,84.742,84.763,84.728,84.761,386
11/22/2017,11:40:00,84.761,84.769,84.746,84.763,351
11/22/2017,11:45:00,84.763,84.8,84.762,84.8,350
11/22/2017,11:50:00,84.8,84.803,84.777,84.777,295
11/22/2017,11:55:00,84.777,84.793,84.772,84.776,562
11/22/2017,12:00:00,84.776,84.806,84.765,84.806,568
11/22/2017,12:05:00,84.806,84.82,84.79,84.817,434
11/22/2017,12:10:00,84.817,84.823,84.783,84.791,435
11/22/2017,12:15:00,84.791,84.795,84.775,84.783,533
11/22/2017,12:20:00,84.783,84.809,84.773,84.808,530
11/22/2017,12:25:00,84.808,84.869,84.802,84.86,943
11/22/2017,12:30:00,84.86,84.877,84.849,84.863,707
11/22/2017,12:35:00,84.863,84.883,84.856,84.872,534
11/22/2017,12:40:00,84.872,84.873,84.851,84.862,349
11/22/2017,12:45:00,84.862,84.88,84.861,84.877,383
11/22/2017,12:50:00,84.877,84.878,84.85,84.862,732
11/22/2017,12:55:00,84.862,84.917,84.862,84.917,1116
11/22/2017,13:00:00,84.917,84.948,84.882,84.922,1085
11/22/2017,13:05:00,84.922,84.931,84.894,84.915,716
11/22/2017,13:10:00,84.915,84.921,84.866,84.871,724
11/22/2017,13:15:00,84.871,84.908,84.857,84.908,636
11/22/2017,13:20:00,84.908,84.909,84.842,84.85,711
11/22/2017,13:25:00,84.85,84.853,84.819,84.833,888
11/22/2017,13:30:00,84.833,84.847,84.785,84.826,2102
11/22/2017,13:35:00,84.826,84.842,84.808,84.808,1182
11/22/2017,13:40:00,84.808,84.82,84.799,84.803,901
11/22/2017,13:45:00,84.803,84.82,84.782,84.813,1020
11/22/2017,13:50:00,84.813,84.821,84.784,84.81,719
11/22/2017,13:55:00,84.81,84.836,84.8,84.831,703
11/22/2017,14:00:00,84.831,84.831,84.791,84.803,1341
11/22/2017,14:05:00,84.803,84.832,84.768,84.83,1003
11/22/2017,14:10:00,84.83,84.847,84.815,84.846,668
11/22/2017,14:15:00,84.846,84.848,84.807,84.813,673
11/22/2017,14:20:00,84.813,84.832,84.813,84.825,373
11/22/2017,14:25:00,84.825,84.838,84.805,84.821,1157
11/22/2017,14:30:00,84.821,84.825,84.794,84.822,1219
11/22/2017,14:35:00,84.822,84.822,84.786,84.816,1122
11/22/2017,14:40:00,84.816,84.817,84.769,84.774,895
11/22/2017,14:45:00,84.774,84.814,84.761,84.782,1054
11/22/2017,14:50:00,84.782,84.806,84.754,84.79,776
11/22/2017,14:55:00,84.79,84.802,84.755,84.759,605
11/22/2017,15:00:00,84.759,84.783,84.746,84.755,810
11/22/2017,15:05:00,84.755,84.775,84.749,84.767,812
11/22/2017,15:10:00,84.767,84.794,84.736,84.781,1257
11/22/2017,15:15:00,84.781,84.786,84.75,84.751,1235
11/22/2017,15:20:00,84.751,84.772,84.732,84.763,1137
11/22/2017,15:25:00,84.763,84.768,84.743,84.765,975
11/22/2017,15:30:00,84.765,84.765,84.704,84.709,1155
11/22/2017,15:35:00,84.709,84.715,84.667,84.682,1305
11/22/2017,15:40:00,84.682,84.71,84.671,84.701,1094
11/22/2017,15:45:00,84.701,84.713,84.671,84.686,994
11/22/2017,15:50:00,84.686,84.692,84.641,84.651,727
11/22/2017,15:55:00,84.651,84.675,84.634,84.675,884
11/22/2017,16:00:00,84.675,84.706,84.667,84.682,925
11/22/2017,16:05:00,84.682,84.724,84.676,84.719,601
11/22/2017,16:10:00,84.719,84.739,84.702,84.718,853
11/22/2017,16:15:00,84.718,84.738,84.704,84.736,1028
11/22/2017,16:20:00,84.736,84.742,84.693,84.708,683
11/22/2017,16:25:00,84.708,84.709,84.676,84.687,807
11/22/2017,16:30:00,84.687,84.696,84.665,84.673,685
11/22/2017,16:35:00,84.673,84.706,84.667,84.697,760
11/22/2017,16:40:00,84.697,84.702,84.664,84.69,649
11/22/2017,16:45:00,84.69,84.713,84.685,84.702,445
11/22/2017,16:50:00,84.702,84.724,84.683,84.716,508
11/22/2017,16:55:00,84.716,84.732,84.713,84.717,577
11/22/2017,17:00:00,84.717,84.719,84.701,84.715,346
11/22/2017,17:05:00,84.715,84.719,84.66,84.664,538
11/22/2017,17:10:00,84.664,84.665,84.631,84.659,504
11/22/2017,17:15:00,84.659,84.663,84.632,84.633,520
11/22/2017,17:20:00,84.633,84.643,84.623,84.628,623
11/22/2017,17:25:00,84.628,84.629,84.606,84.616,392
11/22/2017,17:30:00,84.616,84.639,84.61,84.635,501
11/22/2017,17:35:00,84.635,84.654,84.63,84.642,425
11/22/2017,17:40:00,84.642,84.65,84.623,84.629,415
11/22/2017,17:45:00,84.629,84.629,84.616,84.619,301
11/22/2017,17:50:00,84.619,84.645,84.617,84.644,379
11/22/2017,17:55:00,84.644,84.67,84.643,84.664,249
11/22/2017,18:00:00,84.664,84.669,84.647,84.655,323
11/22/2017,18:05:00,84.655,84.656,84.633,84.641,361
11/22/2017,18:10:00,84.641,84.655,84.635,84.635,281
11/22/2017,18:15:00,84.635,84.643,84.625,84.631,520
11/22/2017,18:20:00,84.631,84.631,84.604,84.61,415
11/22/2017,18:25:00,84.61,84.647,84.608,84.63,334
11/22/2017,18:30:00,84.63,84.665,84.626,84.626,431
11/22/2017,18:35:00,84.626,84.64,84.621,84.624,254
11/22/2017,18:40:00,84.624,84.638,84.614,84.634,239
11/22/2017,18:45:00,84.634,84.662,84.633,84.653,352
11/22/2017,18:50:00,84.653,84.664,84.647,84.664,219
11/22/2017,18:55:00,84.664,84.664,84.632,84.643,445
11/22/2017,19:00:00,84.643,84.679,84.595,84.67,2259
11/22/2017,19:05:00,84.67,84.672,84.606,84.631,2635
11/22/2017,19:10:00,84.631,84.654,84.613,84.646,2565
11/22/2017,19:15:00,84.646,84.658,84.631,84.638,1063
11/22/2017,19:20:00,84.638,84.648,84.607,84.624,1558
11/22/2017,19:25:00,84.624,84.645,84.6,84.609,1209
11/22/2017,19:30:00,84.609,84.638,84.599,84.622,1647
11/22/2017,19:35:00,84.622,84.673,84.618,84.663,893
11/22/2017,19:40:00,84.663,84.679,84.638,84.644,1008
11/22/2017,19:45:00,84.644,84.676,84.641,84.661,660
11/22/2017,19:50:00,84.661,84.682,84.65,84.678,971
11/22/2017,19:55:00,84.678,84.68,84.616,84.624,1177
11/22/2017,20:00:00,84.624,84.633,84.612,84.622,829
11/22/2017,20:05:00,84.622,84.634,84.616,84.63,239
11/22/2017,20:10:00,84.63,84.656,84.628,84.653,313
11/22/2017,20:15:00,84.653,84.676,84.652,84.669,327
11/22/2017,20:20:00,84.669,84.685,84.658,84.685,638
11/22/2017,20:25:00,84.685,84.695,84.673,84.688,405
11/22/2017,20:30:00,84.688,84.703,84.676,84.703,212
11/22/2017,20:35:00,84.703,84.714,84.695,84.704,332
11/22/2017,20:40:00,84.704,84.723,84.696,84.696,436
11/22/2017,20:45:00,84.696,84.713,84.695,84.698,217
11/22/2017,20:50:00,84.698,84.724,84.698,84.72,264
11/22/2017,20:55:00,84.72,84.726,84.705,84.709,375
11/22/2017,21:00:00,84.709,84.712,84.685,84.698,609
11/22/2017,21:05:00,84.698,84.715,84.69,84.711,584
11/22/2017,21:10:00,84.711,84.733,84.71,84.726,247
11/22/2017,21:15:00,84.726,84.745,84.718,84.726,298
11/22/2017,21:20:00,84.726,84.746,84.723,84.746,244
11/22/2017,21:25:00,84.746,84.775,84.73,84.767,201
11/22/2017,21:30:00,84.767,84.767,84.716,84.721,335
11/22/2017,21:35:00,84.721,84.754,84.713,84.723,424
11/22/2017,21:40:00,84.723,84.725,84.699,84.701,334
11/22/2017,21:45:00,84.701,84.743,84.7,84.736,239
11/22/2017,21:50:00,84.736,84.765,84.733,84.752,252
11/22/2017,21:55:00,84.752,84.756,84.658,84.663,385
11/22/2017,22:00:00,84.663,84.761,84.655,84.761,114
11/22/2017,22:05:00,84.761,84.764,84.706,84.719,156
11/22/2017,22:10:00,84.719,84.727,84.667,84.673,286
11/22/2017,22:15:00,84.673,84.706,84.673,84.699,729
11/22/2017,22:20:00,84.699,84.699,84.679,84.688,302
11/22/2017,22:25:00,84.688,84.692,84.675,84.691,161
11/22/2017,22:30:00,84.691,84.72,84.676,84.696,571
11/22/2017,22:35:00,84.696,84.719,84.686,84.714,546
11/22/2017,22:40:00,84.714,84.723,84.704,84.713,200
11/22/2017,22:45:00,84.713,84.727,84.713,84.727,314
11/22/2017,22:50:00,84.727,84.76,84.69,84.755,593
11/22/2017,22:55:00,84.755,84.759,84.694,84.695,431
11/22/2017,23:00:00,84.695,84.731,84.666,84.693,1167
11/22/2017,23:05:00,84.693,84.716,84.683,84.712,665
11/22/2017,23:10:00,84.712,84.745,84.709,84.733,781
11/22/2017,23:15:00,84.733,84.751,84.698,84.705,549
11/22/2017,23:20:00,84.705,84.712,84.692,84.699,426
11/22/2017,23:25:00,84.699,84.703,84.684,84.685,352
11/22/2017,23:30:00,84.685,84.706,84.679,84.706,453
11/22/2017,23:35:00,84.706,84.71,84.688,84.69,370
11/22/2017,23:40:00,84.69,84.707,84.688,84.705,225
11/22/2017,23:45:00,84.705,84.706,84.691,84.698,131
11/22/2017,23:50:00,84.698,84.721,84.698,84.718,270
11/22/2017,23:55:00,84.718,84.737,84.716,84.718,378
11/23/2017,00:00:00,84.718,84.723,84.691,84.701,378
11/23/2017,00:05:00,84.701,84.719,84.682,84.692,310
11/23/2017,00:10:00,84.692,84.709,84.676,84.709,406
11/23/2017,00:15:00,84.709,84.709,84.676,84.677,311
11/23/2017,00:20:00,84.677,84.684,84.63,84.647,270
11/23/2017,00:25:00,84.647,84.658,84.634,84.646,291
11/23/2017,00:30:00,84.646,84.673,84.645,84.66,225
11/23/2017,00:35:00,84.66,84.667,84.656,84.656,161
11/23/2017,00:40:00,84.656,84.664,84.641,84.641,384
11/23/2017,00:45:00,84.641,84.642,84.564,84.565,900
11/23/2017,00:50:00,84.565,84.587,84.553,84.577,679
11/23/2017,00:55:00,84.577,84.609,84.574,84.604,417
11/23/2017,01:00:00,84.604,84.62,84.587,84.594,803
11/23/2017,01:05:00,84.594,84.596,84.571,84.571,522
11/23/2017,01:10:00,84.571,84.574,84.523,84.527,468
11/23/2017,01:15:00,84.527,84.556,84.517,84.556,405
11/23/2017,01:20:00,84.556,84.591,84.555,84.586,475
11/23/2017,01:25:00,84.586,84.596,84.571,84.576,342
11/23/2017,01:30:00,84.576,84.58,84.563,84.568,476
11/23/2017,01:35:00,84.568,84.582,84.554,84.573,462
11/23/2017,01:40:00,84.573,84.586,84.552,84.572,571
11/23/2017,01:45:00,84.572,84.606,84.565,84.602,642
11/23/2017,01:50:00,84.602,84.625,84.601,84.621,546
11/23/2017,01:55:00,84.621,84.636,84.619,84.634,381
11/23/2017,02:00:00,84.634,84.641,84.597,84.601,545
11/23/2017,02:05:00,84.601,84.627,84.596,84.603,499
11/23/2017,02:10:00,84.603,84.612,84.582,84.585,558
11/23/2017,02:15:00,84.585,84.59,84.571,84.584,423
11/23/2017,02:20:00,84.584,84.624,84.583,84.618,404
11/23/2017,02:25:00,84.618,84.625,84.601,84.606,253
11/23/2017,02:30:00,84.606,84.606,84.586,84.591,254
11/23/2017,02:35:00,84.591,84.62,84.588,84.619,370
11/23/2017,02:40:00,84.619,84.62,84.583,84.591,249
11/23/2017,02:45:00,84.591,84.614,84.587,84.606,281
11/23/2017,02:50:00,84.606,84.608,84.588,84.593,499
11/23/2017,02:55:00,84.593,84.653,84.593,84.636,828
11/23/2017,03:00:00,84.636,84.655,84.633,84.653,461
11/23/2017,03:05:00,84.653,84.706,84.65,84.7,549
11/23/2017,03:10:00,84.7,84.711,84.687,84.695,479
11/23/2017,03:15:00,84.695,84.717,84.686,84.717,310
11/23/2017,03:20:00,84.717,84.745,84.714,84.739,368
11/23/2017,03:25:00,84.739,84.79,84.738,84.783,385
11/23/2017,03:30:00,84.783,84.791,84.76,84.76,976
11/23/2017,03:35:00,84.76,84.768,84.749,84.753,614
11/23/2017,03:40:00,84.753,84.753,84.722,84.722,236
11/23/2017,03:45:00,84.722,84.727,84.702,84.713,353
11/23/2017,03:50:00,84.713,84.753,84.713,84.75,396
11/23/2017,03:55:00,84.75,84.757,84.734,84.734,377
11/23/2017,04:00:00,84.734,84.758,84.732,84.757,358
11/23/2017,04:05:00,84.757,84.784,84.746,84.783,388
11/23/2017,04:10:00,84.783,84.811,84.779,84.808,323
11/23/2017,04:15:00,84.808,84.815,84.789,84.8,254
11/23/2017,04:20:00,84.8,84.818,84.791,84.804,288
11/23/2017,04:25:00,84.804,84.826,84.804,84.819,333
11/23/2017,04:30:00,84.819,84.819,84.797,84.803,230
11/23/2017,04:35:00,84.803,84.814,84.798,84.805,226
11/23/2017,04:40:00,84.805,84.806,84.789,84.798,187
11/23/2017,04:45:00,84.798,84.814,84.797,84.803,161
11/23/2017,04:50:00,84.803,84.812,84.789,84.8,215
11/23/2017,04:55:00,84.8,84.814,84.799,84.814,163
11/23/2017,05:00:00,84.814,84.817,84.804,84.808,346
11/23/2017,05:05:00,84.808,84.819,84.794,84.81,437
11/23/2017,05:10:00,84.81,84.82,84.798,84.819,351
11/23/2017,05:15:00,84.819,84.819,84.795,84.798,315
11/23/2017,05:20:00,84.798,84.802,84.777,84.783,251
11/23/2017,05:25:00,84.783,84.79,84.777,84.785,215
11/23/2017,05:30:00,84.785,84.786,84.766,84.777,352
11/23/2017,05:35:00,84.777,84.781,84.762,84.763,215
11/23/2017,05:40:00,84.763,84.777,84.76,84.764,282
11/23/2017,05:45:00,84.764,84.774,84.759,84.773,202
11/23/2017,05:50:00,84.773,84.81,84.77,84.808,235
11/23/2017,05:55:00,84.808,84.818,84.799,84.808,275
11/23/2017,06:00:00,84.808,84.809,84.766,84.771,261
11/23/2017,06:05:00,84.771,84.776,84.763,84.768,141
11/23/2017,06:10:00,84.768,84.776,84.757,84.772,220
11/23/2017,06:15:00,84.772,84.772,84.738,84.741,375
11/23/2017,06:20:00,84.741,84.746,84.728,84.733,332
11/23/2017,06:25:00,84.733,84.753,84.724,84.744,463
11/23/2017,06:30:00,84.744,84.762,84.743,84.755,575
11/23/2017,06:35:00,84.755,84.756,84.738,84.747,307
11/23/2017,06:40:00,84.747,84.752,84.707,84.711,306
11/23/2017,06:45:00,84.711,84.714,84.683,84.691,289
11/23/2017,06:50:00,84.691,84.697,84.676,84.681,415
11/23/2017,06:55:00,84.681,84.688,84.635,84.639,575
11/23/2017,07:00:00,84.639,84.712,84.636,84.711,985
11/23/2017,07:05:00,84.711,84.78,84.693,84.772,1076
11/23/2017,07:10:00,84.772,84.773,84.722,84.724,1173
11/23/2017,07:15:00,84.724,84.732,84.714,84.724,462
11/23/2017,07:20:00,84.724,84.733,84.705,84.712,482
11/23/2017,07:25:00,84.712,84.756,84.712,84.755,690
11/23/2017,07:30:00,84.755,84.78,84.741,84.742,671
11/23/2017,07:35:00,84.742,84.742,84.715,84.724,672
11/23/2017,07:40:00,84.724,84.727,84.673,84.7,708
11/23/2017,07:45:00,84.7,84.708,84.662,84.703,1287
11/23/2017,07:50:00,84.703,84.709,84.674,84.675,403
11/23/2017,07:55:00,84.675,84.682,84.659,84.668,519
11/23/2017,08:00:00,84.668,84.689,84.639,84.663,1068
11/23/2017,08:05:00,84.663,84.678,84.643,84.665,797
11/23/2017,08:10:00,84.665,84.696,84.661,84.668,944
11/23/2017,08:15:00,84.668,84.723,84.661,84.721,985
11/23/2017,08:20:00,84.721,84.738,84.71,84.719,942
11/23/2017,08:25:00,84.719,84.738,84.711,84.738,344
11/23/2017,08:30:00,84.738,84.765,84.738,84.765,707
11/23/2017,08:35:00,84.765,84.78,84.734,84.743,792
11/23/2017,08:40:00,84.743,84.744,84.692,84.712,874
11/23/2017,08:45:00,84.712,84.713,84.661,84.666,524
11/23/2017,08:50:00,84.666,84.69,84.666,84.681,566
11/23/2017,08:55:00,84.681,84.687,84.639,84.67,625
11/23/2017,09:00:00,84.67,84.675,84.641,84.657,555
11/23/2017,09:05:00,84.657,84.682,84.656,84.67,427
11/23/2017,09:10:00,84.67,84.699,84.668,84.685,748
11/23/2017,09:15:00,84.685,84.751,84.679,84.75,603
11/23/2017,09:20:00,84.75,84.752,84.716,84.745,785
11/23/2017,09:25:00,84.745,84.746,84.721,84.731,268
11/23/2017,09:30:00,84.731,84.776,84.722,84.764,648
11/23/2017,09:35:00,84.764,84.764,84.733,84.733,841
11/23/2017,09:40:00,84.733,84.782,84.726,84.781,720
11/23/2017,09:45:00,84.781,84.789,84.764,84.775,585
11/23/2017,09:50:00,84.775,84.827,84.775,84.806,887
11/23/2017,09:55:00,84.806,84.841,84.806,84.831,670
11/23/2017,10:00:00,84.831,84.847,84.81,84.846,661
11/23/2017,10:05:00,84.846,84.85,84.822,84.845,630
11/23/2017,10:10:00,84.845,84.895,84.843,84.886,627
11/23/2017,10:15:00,84.886,84.902,84.862,84.886,604
11/23/2017,10:20:00,84.886,84.931,84.885,84.919,588
11/23/2017,10:25:00,84.919,84.928,84.879,84.879,662
11/23/2017,10:30:00,84.879,84.882,84.862,84.866,629
11/23/2017,10:35:00,84.866,84.88,84.861,84.872,631
11/23/2017,10:40:00,84.872,84.878,84.862,84.866,498
11/23/2017,10:45:00,84.866,84.881,84.857,84.862,409
11/23/2017,10:50:00,84.862,84.87,84.848,84.87,384
11/23/2017,10:55:00,84.87,84.912,84.866,84.908,410
11/23/2017,11:00:00,84.908,84.908,84.874,84.876,573
11/23/2017,11:05:00,84.876,84.919,84.871,84.885,905
11/23/2017,11:10:00,84.885,84.896,84.872,84.879,412
11/23/2017,11:15:00,84.879,84.879,84.845,84.846,277
11/23/2017,11:20:00,84.846,84.87,84.844,84.866,293
11/23/2017,11:25:00,84.866,84.872,84.854,84.866,383
11/23/2017,11:30:00,84.866,84.885,84.864,84.885,303
11/23/2017,11:35:00,84.885,84.898,84.877,84.881,322
11/23/2017,11:40:00,84.881,84.912,84.871,84.876,645
11/23/2017,11:45:00,84.876,84.887,84.866,84.882,640
11/23/2017,11:50:00,84.882,84.887,84.833,84.833,645
11/23/2017,11:55:00,84.833,84.862,84.828,84.849,388
11/23/2017,12:00:00,84.849,84.869,84.843,84.869,352
11/23/2017,12:05:00,84.869,84.873,84.849,84.858,344
11/23/2017,12:10:00,84.858,84.868,84.835,84.848,518
11/23/2017,12:15:00,84.848,84.868,84.843,84.868,263
11/23/2017,12:20:00,84.868,84.872,84.848,84.871,344
11/23/2017,12:25:00,84.871,84.9,84.871,84.893,354
11/23/2017,12:30:00,84.893,84.906,84.876,84.898,700
11/23/2017,12:35:00,84.898,84.907,84.879,84.883,409
11/23/2017,12:40:00,84.883,84.891,84.869,84.876,342
11/23/2017,12:45:00,84.876,84.876,84.848,84.866,361
11/23/2017,12:50:00,84.866,84.868,84.844,84.847,336
11/23/2017,12:55:00,84.847,84.858,84.843,84.849,411
11/23/2017,13:00:00,84.849,84.859,84.845,84.857,385
11/23/2017,13:05:00,84.857,84.881,84.853,84.861,545
11/23/2017,13:10:00,84.861,84.869,84.829,84.833,490
11/23/2017,13:15:00,84.833,84.852,84.833,84.842,839
11/23/2017,13:20:00,84.842,84.85,84.827,84.828,422
11/23/2017,13:25:00,84.828,84.845,84.811,84.841,479
11/23/2017,13:30:00,84.841,84.844,84.773,84.8,1048
11/23/2017,13:35:00,84.8,84.843,84.796,84.837,441
11/23/2017,13:40:00,84.837,84.845,84.817,84.823,440
11/23/2017,13:45:00,84.823,84.841,84.819,84.84,432
11/23/2017,13:50:00,84.84,84.846,84.833,84.835,319
11/23/2017,13:55:00,84.835,84.867,84.834,84.857,462
11/23/2017,14:00:00,84.857,84.858,84.84,84.852,500
11/23/2017,14:05:00,84.852,84.852,84.836,84.841,375
11/23/2017,14:10:00,84.841,84.851,84.831,84.848,440
11/23/2017,14:15:00,84.848,84.864,84.836,84.842,576
11/23/2017,14:20:00,84.842,84.847,84.83,84.843,288
11/23/2017,14:25:00,84.843,84.845,84.834,84.844,166
11/23/2017,14:30:00,84.844,84.865,84.842,84.863,442
11/23/2017,14:35:00,84.863,84.864,84.841,84.844,278
11/23/2017,14:40:00,84.844,84.854,84.835,84.839,248
11/23/2017,14:45:00,84.839,84.855,84.839,84.853,154
11/23/2017,14:50:00,84.853,84.853,84.84,84.848,187
11/23/2017,14:55:00,84.848,84.852,84.826,84.827,266
11/23/2017,15:00:00,84.827,84.834,84.81,84.821,581
11/23/2017,15:05:00,84.821,84.829,84.801,84.801,283
11/23/2017,15:10:00,84.801,84.818,84.791,84.812,367
11/23/2017,15:15:00,84.812,84.829,84.803,84.821,336
11/23/2017,15:20:00,84.821,84.827,84.804,84.826,276
11/23/2017,15:25:00,84.826,84.832,84.822,84.826,206
11/23/2017,15:30:00,84.826,84.845,84.823,84.844,165
11/23/2017,15:35:00,84.844,84.852,84.829,84.829,272
11/23/2017,15:40:00,84.829,84.834,84.823,84.832,279
11/23/2017,15:45:00,84.832,84.837,84.812,84.817,433
11/23/2017,15:50:00,84.817,84.838,84.815,84.828,485
11/23/2017,15:55:00,84.828,84.843,84.791,84.792,754
11/23/2017,16:00:00,84.792,84.797,84.77,84.796,780
11/23/2017,16:05:00,84.796,84.807,84.76,84.764,404
11/23/2017,16:10:00,84.764,84.774,84.756,84.757,315
11/23/2017,16:15:00,84.757,84.772,84.753,84.771,296
11/23/2017,16:20:00,84.771,84.773,84.752,84.754,251
11/23/2017,16:25:00,84.754,84.773,84.753,84.763,241
11/23/2017,16:30:00,84.763,84.776,84.751,84.774,297
11/23/2017,16:35:00,84.774,84.796,84.772,84.796,176
11/23/2017,16:40:00,84.796,84.798,84.783,84.794,142
11/23/2017,16:45:00,84.794,84.799,84.788,84.799,157
11/23/2017,16:50:00,84.799,84.802,84.79,84.8,165
11/23/2017,16:55:00,84.8,84.82,84.8,84.808,227
11/23/2017,17:00:00,84.808,84.822,84.808,84.817,156
11/23/2017,17:05:00,84.817,84.825,84.804,84.804,168
11/23/2017,17:10:00,84.804,84.804,84.79,84.792,169
11/23/2017,17:15:00,84.792,84.792,84.781,84.788,136
11/23/2017,17:20:00,84.788,84.795,84.787,84.792,154
11/23/2017,17:25:00,84.792,84.804,84.791,84.795,209
11/23/2017,17:30:00,84.795,84.797,84.789,84.797,103
11/23/2017,17:35:00,84.797,84.797,84.783,84.791,306
11/23/2017,17:40:00,84.791,84.806,84.791,84.806,168
11/23/2017,17:45:00,84.806,84.823,84.803,84.823,176
11/23/2017,17:50:00,84.823,84.829,84.801,84.801,792
11/23/2017,17:55:00,84.801,84.811,84.776,84.783,685
11/23/2017,18:00:00,84.783,84.821,84.772,84.797,617
11/23/2017,18:05:00,84.797,84.801,84.791,84.799,319
11/23/2017,18:10:00,84.799,84.799,84.772,84.772,135
11/23/2017,18:15:00,84.772,84.806,84.769,84.778,918
11/23/2017,18:20:00,84.778,84.778,84.749,84.761,197
11/23/2017,18:25:00,84.761,84.764,84.746,84.759,442
11/23/2017,18:30:00,84.759,84.793,84.751,84.784,1374
11/23/2017,18:35:00,84.784,84.796,84.756,84.782,473
11/23/2017,18:40:00,84.782,84.787,84.766,84.773,554
11/23/2017,18:45:00,84.773,84.806,84.77,84.77,1183
11/23/2017,18:50:00,84.77,84.787,84.757,84.768,539
11/23/2017,18:55:00,84.768,84.78,84.759,84.759,171
11/23/2017,19:00:00,84.759,84.783,84.759,84.775,220
11/23/2017,19:05:00,84.775,84.781,84.76,84.76,152
11/23/2017,19:10:00,84.76,84.795,84.753,84.785,540
11/23/2017,19:15:00,84.785,84.801,84.774,84.794,621
11/23/2017,19:20:00,84.794,84.817,84.785,84.794,1008
11/23/2017,19:25:00,84.794,84.822,84.784,84.792,679
11/23/2017,19:30:00,84.792,84.799,84.784,84.79,204
11/23/2017,19:35:00,84.79,84.804,84.785,84.792,107
11/23/2017,19:40:00,84.792,84.836,84.778,84.818,1464
11/23/2017,19:45:00,84.818,84.832,84.807,84.826,516
11/23/2017,19:50:00,84.826,84.829,84.794,84.798,414
11/23/2017,19:55:00,84.798,84.822,84.786,84.791,721
11/23/2017,20:00:00,84.791,84.818,84.778,84.797,598
11/23/2017,20:05:00,84.797,84.801,84.784,84.796,164
11/23/2017,20:10:00,84.796,84.818,84.791,84.802,845
11/23/2017,20:15:00,84.802,84.816,84.781,84.783,1266
11/23/2017,20:20:00,84.783,84.812,84.78,84.791,1303
11/23/2017,20:25:00,84.791,84.814,84.786,84.804,925
11/23/2017,20:30:00,84.804,84.809,84.803,84.807,44
11/23/2017,20:35:00,84.807,84.828,84.774,84.823,341
11/23/2017,20:40:00,84.823,84.83,84.803,84.822,471
11/23/2017,20:45:00,84.822,84.834,84.806,84.823,208
11/23/2017,20:50:00,84.823,84.834,84.816,84.827,363
11/23/2017,20:55:00,84.827,84.827,84.757,84.757,164
11/23/2017,21:00:00,84.757,84.816,84.757,84.808,600
11/23/2017,21:05:00,84.808,84.814,84.804,84.811,184
11/23/2017,21:10:00,84.811,84.819,84.808,84.816,123
11/23/2017,21:15:00,84.816,84.841,84.799,84.831,481
11/23/2017,21:20:00,84.831,84.831,84.795,84.813,427
11/23/2017,21:25:00,84.813,84.824,84.799,84.8,244
11/23/2017,21:30:00,84.8,84.809,84.781,84.808,190
11/23/2017,21:35:00,84.808,84.81,84.779,84.794,286
11/23/2017,21:40:00,84.794,84.811,84.784,84.801,169
11/23/2017,21:45:00,84.801,84.823,84.793,84.813,262
11/23/2017,21:50:00,84.813,84.82,84.801,84.813,468
11/23/2017,21:55:00,84.813,84.824,84.754,84.772,234
11/23/2017,22:00:00,84.772,84.823,84.772,84.81,90
11/23/2017,22:05:00,84.81,84.81,84.803,84.81,26
11/23/2017,22:10:00,84.81,84.826,84.795,84.795,95
11/23/2017,22:15:00,84.795,84.822,84.793,84.815,151
11/23/2017,22:20:00,84.815,84.819,84.812,84.816,170
11/23/2017,22:25:00,84.816,84.868,84.796,84.812,348
11/23/2017,22:30:00,84.812,84.824,84.797,84.818,370
11/23/2017,22:35:00,84.818,84.825,84.808,84.819,254
11/23/2017,22:40:00,84.819,84.851,84.814,84.844,1325
11/23/2017,22:45:00,84.844,84.863,84.816,84.839,945
11/23/2017,22:50:00,84.839,84.851,84.815,84.828,791
11/23/2017,22:55:00,84.828,84.854,84.79,84.799,904
11/23/2017,23:00:00,84.799,84.822,84.775,84.814,739
11/23/2017,23:05:00,84.814,84.821,84.798,84.812,319
11/23/2017,23:10:00,84.812,84.818,84.799,84.802,276
11/23/2017,23:15:00,84.802,84.823,84.792,84.818,425
11/23/2017,23:20:00,84.818,84.835,84.815,84.833,473
11/23/2017,23:25:00,84.833,84.835,84.811,84.819,364
11/23/2017,23:30:00,84.819,84.819,84.787,84.805,423
11/23/2017,23:35:00,84.805,84.816,84.802,84.815,173
11/23/2017,23:40:00,84.815,84.842,84.813,84.821,312
11/23/2017,23:45:00,84.821,84.828,84.81,84.822,258
11/23/2017,23:50:00,84.822,84.822,84.804,84.817,262
11/23/2017,23:55:00,84.817,84.834,84.815,84.827,312
11/24/2017,00:00:00,84.827,84.874,84.822,84.872,869
11/24/2017,00:05:00,84.872,84.896,84.863,84.882,718
11/24/2017,00:10:00,84.882,84.882,84.857,84.859,575
11/24/2017,00:15:00,84.859,84.865,84.845,84.863,508
11/24/2017,00:20:00,84.863,84.87,84.815,84.825,645
11/24/2017,00:25:00,84.825,84.866,84.825,84.838,656
11/24/2017,00:30:00,84.838,84.857,84.828,84.83,542
11/24/2017,00:35:00,84.83,84.85,84.813,84.84,457
11/24/2017,00:40:00,84.84,84.885,84.839,84.851,685
11/24/2017,00:45:00,84.851,84.882,84.844,84.864,564
11/24/2017,00:50:00,84.864,84.9,84.86,84.884,823
11/24/2017,00:55:00,84.884,84.884,84.857,84.86,606
11/24/2017,01:00:00,84.86,84.867,84.847,84.852,423
11/24/2017,01:05:00,84.852,84.855,84.829,84.832,703
11/24/2017,01:10:00,84.832,84.875,84.832,84.868,362
11/24/2017,01:15:00,84.868,84.871,84.835,84.839,552
11/24/2017,01:20:00,84.839,84.875,84.832,84.872,795
11/24/2017,01:25:00,84.872,84.908,84.861,84.906,491
11/24/2017,01:30:00,84.906,84.911,84.871,84.879,900
11/24/2017,01:35:00,84.879,84.894,84.844,84.872,814
11/24/2017,01:40:00,84.872,84.897,84.864,84.893,637
11/24/2017,01:45:00,84.893,84.902,84.872,84.872,538
11/24/2017,01:50:00,84.872,84.875,84.849,84.869,414
11/24/2017,01:55:00,84.869,84.871,84.845,84.869,700
11/24/2017,02:00:00,84.869,84.879,84.834,84.838,664
11/24/2017,02:05:00,84.838,84.872,84.838,84.872,370
11/24/2017,02:10:00,84.872,84.891,84.862,84.864,420
11/24/2017,02:15:00,84.864,84.881,84.854,84.868,204
11/24/2017,02:20:00,84.868,84.896,84.867,84.879,547
11/24/2017,02:25:00,84.879,84.908,84.879,84.901,358
11/24/2017,02:30:00,84.901,84.904,84.845,84.845,440
11/24/2017,02:35:00,84.845,84.876,84.843,84.862,429
11/24/2017,02:40:00,84.862,84.869,84.852,84.867,409
11/24/2017,02:45:00,84.867,84.87,84.856,84.863,389
11/24/2017,02:50:00,84.863,84.872,84.858,84.871,231
11/24/2017,02:55:00,84.871,84.881,84.865,84.872,353
11/24/2017,03:00:00,84.872,84.88,84.864,84.872,384
11/24/2017,03:05:00,84.872,84.874,84.862,84.872,259
11/24/2017,03:10:00,84.872,84.877,84.856,84.858,382
11/24/2017,03:15:00,84.858,84.868,84.85,84.867,304
11/24/2017,03:20:00,84.867,84.882,84.862,84.872,237
11/24/2017,03:25:00,84.872,84.886,84.867,84.883,179
11/24/2017,03:30:00,84.883,84.89,84.877,84.885,358
11/24/2017,03:35:00,84.885,84.888,84.865,84.871,241
11/24/2017,03:40:00,84.871,84.884,84.861,84.881,350
11/24/2017,03:45:00,84.881,84.891,84.86,84.88,663
11/24/2017,03:50:00,84.88,84.92,84.872,84.917,1259
11/24/2017,03:55:00,84.917,84.921,84.904,84.908,531
11/24/2017,04:00:00,84.908,84.936,84.906,84.926,477
11/24/2017,04:05:00,84.926,84.93,84.905,84.912,509
11/24/2017,04:10:00,84.912,84.938,84.904,84.935,498
11/24/2017,04:15:00,84.935,84.952,84.93,84.952,555
11/24/2017,04:20:00,84.952,84.992,84.952,84.973,543
11/24/2017,04:25:00,84.973,84.98,84.95,84.952,337
11/24/2017,04:30:00,84.952,84.972,84.947,84.965,256
11/24/2017,04:35:00,84.965,84.965,84.952,84.952,147
11/24/2017,04:40:00,84.952,84.954,84.94,84.952,239
11/24/2017,04:45:00,84.952,84.987,84.949,84.984,216
11/24/2017,04:50:00,84.984,84.985,84.969,84.974,315
11/24/2017,04:55:00,84.974,84.978,84.962,84.973,230
11/24/2017,05:00:00,84.973,84.977,84.965,84.971,268
11/24/2017,05:05:00,84.971,84.976,84.957,84.97,267
11/24/2017,05:10:00,84.97,84.974,84.958,84.962,232
11/24/2017,05:15:00,84.962,84.977,84.958,84.961,229
11/24/2017,05:20:00,84.961,84.969,84.944,84.944,193
11/24/2017,05:25:00,84.944,84.952,84.937,84.952,173
11/24/2017,05:30:00,84.952,85.014,84.95,85.014,323
11/24/2017,05:35:00,85.014,85.024,85.004,85.013,400
11/24/2017,05:40:00,85.013,85.014,84.991,85,387
11/24/2017,05:45:00,85,85.001,84.984,84.991,357
11/24/2017,05:50:00,84.991,84.993,84.959,84.964,618
11/24/2017,05:55:00,84.964,85.001,84.959,84.991,373
11/24/2017,06:00:00,84.991,85.005,84.97,84.974,497
11/24/2017,06:05:00,84.974,84.989,84.963,84.98,473
11/24/2017,06:10:00,84.98,84.981,84.95,84.97,476
11/24/2017,06:15:00,84.97,84.99,84.97,84.974,327
11/24/2017,06:20:00,84.974,84.99,84.969,84.977,252
11/24/2017,06:25:00,84.977,85.013,84.976,85.009,330
11/24/2017,06:30:00,85.009,85.01,84.98,84.992,680
11/24/2017,06:35:00,84.992,85.003,84.979,84.991,433
11/24/2017,06:40:00,84.991,84.996,84.978,84.992,222
11/24/2017,06:45:00,84.992,84.998,84.975,84.982,299
11/24/2017,06:50:00,84.982,84.982,84.933,84.942,316
11/24/2017,06:55:00,84.942,84.954,84.928,84.934,315
11/24/2017,07:00:00,84.934,84.957,84.921,84.948,659
11/24/2017,07:05:00,84.948,84.963,84.945,84.949,519
11/24/2017,07:10:00,84.949,84.953,84.93,84.935,852
11/24/2017,07:15:00,84.935,84.946,84.927,84.935,891
11/24/2017,07:20:00,84.935,84.952,84.932,84.946,647
11/24/2017,07:25:00,84.946,84.951,84.903,84.903,929
11/24/2017,07:30:00,84.903,84.914,84.866,84.866,1095
11/24/2017,07:35:00,84.866,84.869,84.853,84.857,643
11/24/2017,07:40:00,84.857,84.888,84.852,84.884,638
11/24/2017,07:45:00,84.884,84.886,84.842,84.853,802
11/24/2017,07:50:00,84.853,84.861,84.845,84.853,671
11/24/2017,07:55:00,84.853,84.864,84.825,84.829,998
11/24/2017,08:00:00,84.829,84.845,84.81,84.825,1594
11/24/2017,08:05:00,84.825,84.843,84.815,84.831,1260
11/24/2017,08:10:00,84.831,84.844,84.805,84.806,783
11/24/2017,08:15:00,84.806,84.808,84.769,84.77,1180
11/24/2017,08:20:00,84.77,84.772,84.744,84.769,1190
11/24/2017,08:25:00,84.769,84.811,84.759,84.808,882
11/24/2017,08:30:00,84.808,84.83,84.8,84.808,882
11/24/2017,08:35:00,84.808,84.809,84.776,84.795,806
11/24/2017,08:40:00,84.795,84.808,84.786,84.806,442
11/24/2017,08:45:00,84.806,84.817,84.786,84.811,466
11/24/2017,08:50:00,84.811,84.848,84.811,84.83,938
11/24/2017,08:55:00,84.83,84.831,84.794,84.796,425
11/24/2017,09:00:00,84.796,84.824,84.796,84.818,725
11/24/2017,09:05:00,84.818,84.842,84.798,84.84,895
11/24/2017,09:10:00,84.84,84.842,84.783,84.783,689
11/24/2017,09:15:00,84.783,84.791,84.746,84.75,686
11/24/2017,09:20:00,84.75,84.769,84.734,84.768,627
11/24/2017,09:25:00,84.768,84.819,84.768,84.801,710
11/24/2017,09:30:00,84.801,84.818,84.784,84.815,561
11/24/2017,09:35:00,84.815,84.823,84.791,84.807,546
11/24/2017,09:40:00,84.807,84.812,84.784,84.798,579
11/24/2017,09:45:00,84.798,84.798,84.763,84.786,607
11/24/2017,09:50:00,84.786,84.798,84.768,84.769,648
11/24/2017,09:55:00,84.769,84.785,84.749,84.775,605
11/24/2017,10:00:00,84.775,84.778,84.747,84.753,524
11/24/2017,10:05:00,84.753,84.787,84.753,84.78,377
11/24/2017,10:10:00,84.78,84.781,84.766,84.769,275
11/24/2017,10:15:00,84.769,84.769,84.753,84.765,335
11/24/2017,10:20:00,84.765,84.788,84.762,84.782,384
11/24/2017,10:25:00,84.782,84.807,84.776,84.794,475
11/24/2017,10:30:00,84.794,84.817,84.784,84.801,477
11/24/2017,10:35:00,84.801,84.81,84.779,84.779,384
11/24/2017,10:40:00,84.779,84.801,84.773,84.8,478
11/24/2017,10:45:00,84.8,84.822,84.799,84.811,639
11/24/2017,10:50:00,84.811,84.814,84.798,84.809,397
11/24/2017,10:55:00,84.809,84.812,84.794,84.812,411
11/24/2017,11:00:00,84.812,84.824,84.806,84.817,539
11/24/2017,11:05:00,84.817,84.833,84.812,84.816,426
11/24/2017,11:10:00,84.816,84.844,84.813,84.839,783
11/24/2017,11:15:00,84.839,84.869,84.834,84.863,663
11/24/2017,11:20:00,84.863,84.885,84.862,84.882,501
11/24/2017,11:25:00,84.882,84.91,84.879,84.91,509
11/24/2017,11:30:00,84.91,84.914,84.881,84.91,736
11/24/2017,11:35:00,84.91,84.916,84.894,84.899,530
11/24/2017,11:40:00,84.899,84.913,84.888,84.903,591
11/24/2017,11:45:00,84.903,84.915,84.886,84.892,465
11/24/2017,11:50:00,84.892,84.899,84.886,84.894,404
11/24/2017,11:55:00,84.894,84.913,84.883,84.884,770
11/24/2017,12:00:00,84.884,84.891,84.874,84.881,548
11/24/2017,12:05:00,84.881,84.896,84.879,84.895,383
11/24/2017,12:10:00,84.895,84.916,84.895,84.905,532
11/24/2017,12:15:00,84.905,84.922,84.898,84.9,496
11/24/2017,12:20:00,84.9,84.91,84.887,84.907,610
11/24/2017,12:25:00,84.907,84.929,84.901,84.913,723
11/24/2017,12:30:00,84.913,84.918,84.888,84.892,563
11/24/2017,12:35:00,84.892,84.899,84.873,84.875,431
11/24/2017,12:40:00,84.875,84.879,84.857,84.863,408
11/24/2017,12:45:00,84.863,84.879,84.854,84.854,465
11/24/2017,12:50:00,84.854,84.886,84.85,84.876,438
11/24/2017,12:55:00,84.876,84.878,84.851,84.852,548
11/24/2017,13:00:00,84.852,84.883,84.849,84.877,906
11/24/2017,13:05:00,84.877,84.888,84.848,84.849,1322
11/24/2017,13:10:00,84.849,84.854,84.837,84.837,819
11/24/2017,13:15:00,84.837,84.842,84.812,84.814,561
11/24/2017,13:20:00,84.814,84.826,84.806,84.823,646
11/24/2017,13:25:00,84.823,84.823,84.793,84.796,686
11/24/2017,13:30:00,84.796,84.809,84.792,84.807,579
11/24/2017,13:35:00,84.807,84.815,84.792,84.798,498
11/24/2017,13:40:00,84.798,84.804,84.781,84.804,708
11/24/2017,13:45:00,84.804,84.847,84.798,84.837,1032
11/24/2017,13:50:00,84.837,84.867,84.834,84.856,881
11/24/2017,13:55:00,84.856,84.883,84.85,84.865,1012
11/24/2017,14:00:00,84.865,84.899,84.865,84.894,757
11/24/2017,14:05:00,84.894,84.898,84.86,84.861,975
11/24/2017,14:10:00,84.861,84.913,84.852,84.909,1283
11/24/2017,14:15:00,84.909,84.925,84.878,84.884,948
11/24/2017,14:20:00,84.884,84.89,84.868,84.882,596
11/24/2017,14:25:00,84.882,84.903,84.882,84.894,585
11/24/2017,14:30:00,84.894,84.905,84.882,84.894,1411
11/24/2017,14:35:00,84.894,84.943,84.894,84.921,1336
11/24/2017,14:40:00,84.921,84.928,84.902,84.912,683
11/24/2017,14:45:00,84.912,84.934,84.896,84.896,1072
11/24/2017,14:50:00,84.896,84.921,84.895,84.912,648
11/24/2017,14:55:00,84.912,84.921,84.893,84.909,887
11/24/2017,15:00:00,84.909,84.946,84.909,84.921,932
11/24/2017,15:05:00,84.921,84.921,84.894,84.904,773
11/24/2017,15:10:00,84.904,84.923,84.9,84.902,644
11/24/2017,15:15:00,84.902,84.925,84.897,84.924,745
11/24/2017,15:20:00,84.924,84.928,84.9,84.905,602
11/24/2017,15:25:00,84.905,84.916,84.903,84.913,579
11/24/2017,15:30:00,84.913,84.93,84.907,84.93,390
11/24/2017,15:35:00,84.93,84.93,84.912,84.916,244
11/24/2017,15:40:00,84.916,84.927,84.909,84.922,455
11/24/2017,15:45:00,84.922,84.924,84.875,84.885,525
11/24/2017,15:50:00,84.885,84.916,84.875,84.909,725
11/24/2017,15:55:00,84.909,84.975,84.907,84.974,729
11/24/2017,16:00:00,84.974,84.999,84.962,84.965,1153
11/24/2017,16:05:00,84.965,84.991,84.958,84.976,783
11/24/2017,16:10:00,84.976,84.99,84.968,84.985,667
11/24/2017,16:15:00,84.985,85.005,84.98,84.993,710
11/24/2017,16:20:00,84.993,85.01,84.982,84.996,645
11/24/2017,16:25:00,84.996,85.003,84.975,84.996,656
11/24/2017,16:30:00,84.996,85.028,84.995,85.028,653
11/24/2017,16:35:00,85.028,85.036,85.019,85.031,432
11/24/2017,16:40:00,85.031,85.034,85.008,85.008,423
11/24/2017,16:45:00,85.008,85.01,84.971,84.977,423
11/24/2017,16:50:00,84.977,85.013,84.976,85.011,563
11/24/2017,16:55:00,85.011,85.011,84.978,84.979,442
11/24/2017,17:00:00,84.979,84.995,84.973,84.982,495
11/24/2017,17:05:00,84.982,84.996,84.959,84.96,675
11/24/2017,17:10:00,84.96,84.985,84.958,84.979,933
11/24/2017,17:15:00,84.979,84.988,84.966,84.967,775
11/24/2017,17:20:00,84.967,84.969,84.943,84.952,378
11/24/2017,17:25:00,84.952,84.954,84.939,84.948,267
11/24/2017,17:30:00,84.948,84.95,84.915,84.92,482
11/24/2017,17:35:00,84.92,84.947,84.915,84.937,343
11/24/2017,17:40:00,84.937,84.942,84.924,84.925,524
11/24/2017,17:45:00,84.925,84.944,84.924,84.927,382
11/24/2017,17:50:00,84.927,84.934,84.913,84.929,513
11/24/2017,17:55:00,84.929,84.952,84.923,84.944,630
11/24/2017,18:00:00,84.944,84.959,84.936,84.937,940
11/24/2017,18:05:00,84.937,84.955,84.934,84.94,574
11/24/2017,18:10:00,84.94,84.942,84.92,84.934,466
11/24/2017,18:15:00,84.934,84.948,84.926,84.948,118
11/24/2017,18:20:00,84.948,84.96,84.946,84.957,161
11/24/2017,18:25:00,84.957,84.962,84.947,84.961,305
11/24/2017,18:30:00,84.961,84.972,84.953,84.954,234
11/24/2017,18:35:00,84.954,84.987,84.941,84.942,821
11/24/2017,18:40:00,84.942,84.959,84.942,84.959,417
11/24/2017,18:45:00,84.959,84.971,84.948,84.958,378
11/24/2017,18:50:00,84.958,84.96,84.93,84.931,474
11/24/2017,18:55:00,84.931,84.936,84.922,84.925,353
11/24/2017,19:00:00,84.925,84.961,84.924,84.941,838
11/24/2017,19:05:00,84.941,84.948,84.935,84.944,222
11/24/2017,19:10:00,84.944,84.958,84.931,84.955,233
11/24/2017,19:15:00,84.955,84.956,84.934,84.945,557
11/24/2017,19:20:00,84.945,84.95,84.936,84.937,391
11/24/2017,19:25:00,84.937,84.949,84.933,84.949,320
11/24/2017,19:30:00,84.949,84.965,84.937,84.958,473
11/24/2017,19:35:00,84.958,84.967,84.95,84.966,219
11/24/2017,19:40:00,84.966,84.987,84.964,84.972,454
11/24/2017,19:45:00,84.972,84.987,84.96,84.976,1004
11/24/2017,19:50:00,84.976,85.004,84.969,85,428
11/24/2017,19:55:00,85,85.008,84.959,84.987,476
11/24/2017,20:00:00,84.987,84.999,84.986,84.999,89
11/24/2017,20:05:00,84.999,85.003,84.994,84.999,125
11/24/2017,20:10:00,84.999,85.003,84.989,84.99,75
11/24/2017,20:15:00,84.99,85.018,84.99,85.017,97
11/24/2017,20:20:00,85.017,85.034,85.002,85.025,219
11/24/2017,20:25:00,85.025,85.027,85.013,85.026,86
11/24/2017,20:30:00,85.026,85.029,85.007,85.007,51
11/24/2017,20:35:00,85.007,85.007,85.004,85.004,33
11/24/2017,20:40:00,85.004,85.024,84.981,84.981,213
11/24/2017,20:45:00,84.981,84.998,84.981,84.993,252
11/24/2017,20:50:00,84.993,85.016,84.968,84.973,657
11/24/2017,20:55:00,84.973,85.01,84.927,84.969,2259
11/24/2017,21:00:00,84.969,84.981,84.923,84.962,730
11/24/2017,21:05:00,84.962,85.011,84.94,84.996,391
11/24/2017,21:10:00,84.996,85.011,84.996,85.008,251
11/24/2017,21:15:00,85.008,85.026,84.978,84.995,551
11/24/2017,21:20:00,84.995,85.008,84.973,84.984,274
11/24/2017,21:25:00,84.984,84.998,84.961,84.997,253
11/24/2017,21:30:00,84.997,84.997,84.986,84.993,97
11/24/2017,21:35:00,84.993,85.001,84.971,84.973,150
11/24/2017,21:40:00,84.973,84.997,84.943,84.954,4149
11/24/2017,21:45:00,84.954,85.012,84.912,84.92,428
11/24/2017,21:50:00,84.92,84.954,84.868,84.873,734
11/24/2017,21:55:00,84.873,84.889,84.839,84.858,823
